{"PI": 0.4895872455058372, "ADAPT": 0.41676156894679156}