{
  "P": {
    "A": 122.11134946274112,
    "alpha": 1.0038219674653668,
    "C": 1.4013781145807926,
    "C_ci": [
      1.3066509046202,
      1.4876996239891083
    ],
    "alpha_ci": [
      0.9856404620945592,
      1.0208479714185839
    ]
  },
  "PI": {
    "A": 52.522827451557006,
    "alpha": 1.001520565828035,
    "C": 0.3149808983078049,
    "C_ci": [
      0.26540448697832975,
      0.3662727357713983
    ],
    "alpha_ci": [
      0.979342470963053,
      1.0232353501484164
    ]
  },
  "PID": {
    "A": 94.74789138659683,
    "alpha": 1.002180629024131,
    "C": 0.1167649332472791,
    "C_ci": [
      0.005721185383553924,
      0.22483882196997726
    ],
    "alpha_ci": [
      0.9758586697609388,
      1.0280310960683383
    ]
  },
  "CASCADE": {
    "A": 55.90199661927099,
    "alpha": 0.9976246722325646,
    "C": 0.10719950996301589,
    "C_ci": [
      0.06696861194298301,
      0.14830464133767587
    ],
    "alpha_ci": [
      0.9819940850278825,
      1.0139508238911359
    ]
  },
  "RES": {
    "A": 36.382195374113685,
    "alpha": 0.9986263229483582,
    "C": 0.058048579334772615,
    "C_ci": [
      0.027935344695017253,
      0.0876769505721839
    ],
    "alpha_ci": [
      0.980581196223666,
      1.0165900373661898
    ]
  }
}