{
  "P": {
    "gains": {
      "kp": 0.18
    },
    "tune_mse": 1.8107699306470888
  },
  "PI": {
    "gains": {
      "kp": 0.08,
      "ki": 0.004
    },
    "tune_mse": 0.4912600956053444
  },
  "PID": {
    "gains": {
      "kp": 0.08,
      "ki": 0.008,
      "kd": 0.1
    },
    "tune_mse": 0.42705757904445446
  },
  "CASCADE": {
    "gains": {
      "kp": 0.12,
      "slow_alpha": 0.03,
      "slow_ki": 0.008
    },
    "tune_mse": 0.2982654739380816
  },
  "RES": {
    "gains": {
      "kp": 0.08,
      "res_gain": 0.002
    },
    "tune_mse": 0.18036877457951225
  }
}