{"theta": [[-0.7257232325209522, -0.2185451473757886, 0.5405476665610586], [-0.7441385890810011, 0.2854109169491881, 0.049498035889479125], [0.41889932426660553, 0.5119694566868289, -0.9986108689510191], [-0.4268023552491603, 0.36060812220824096, 5.748128191371857], [0.4632669769181635, -0.032364741732969105, 2.3588492027445547], [0.12867134661308144, -0.24257706179357294, 1.3292918712586308], [0.2837291405993979, -0.36282602455052637, -1.3308221751552227], [0.18596997213763386, -0.10008584405854877, -2.381762676038263]], "curve": [150.97215043863716, 33.54304247028097, 11.899309008656063, 51.135024297507734, 9.692798109436847, 9.803714492419857, 28.601323251049692, 8.964753076078948, 10.627321329041573, 13.83088318439914, 10.952078200668831, 10.602444332979747, 4913.5745500654275, 10.467595844271845, 5681.192018021921, 10.646345855798932, 10.740726344526653, 18.523672612469923, 10.297748738645682, 12.061208136604554, 10.868435669457662, 10.040453345605565, 157.7173528661027, 9.785291051680716, 11.203286121008874, 23.39601969128946, 9.220974696579121, 9.141776186161684, 24.32275936026714, 10.07750375037583, 9.452794333254069, 5370.839574858779, 9.908107958942306, 10.910900082612782, 31.866697051591434, 11.046742461069686, 10.21440839968825, 9.887506304312472, 8.807473193404089, 10.19032144922099, 5540.4396129766765, 10.10415363452104, 9.802183410862918, 5684.567302365301, 10.172674360954982, 11.491353951904035, 15.75582739600844, 10.897409086265323, 10.962738722058367, 62.877756709099025, 9.245543907797241, 12.037812256207781, 10.11642849185585, 9.343462041088689, 4964.996785020477, 9.13147956851406, 32.71174857432918, 8.105035600766175, 9.259303945408089, 16.127598029272672, 9.555439875176226, 11.014630042004445, 8.664266524537714, 5675.874815283901, 9.937312143891102, 9.314494021845992, 5007.97375895944, 9.643017458950148, 12.318732988924669, 9.837916789259866, 3977.752397628014, 9.154426675732829, 8.88224466411652, 7.345739011483731, 7.182288970535793, 12.105651748844743, 6.79802643135429, 5591.434565907693, 6.222732110210701, 5.827931434131158, 5632.160546999581, 6.22626977858274, 8.936394103265993, 18.355926160844014, 6.716113658006573, 7.635620920715637, 16.897335038192313, 6.405765351322725, 5944.649609213284, 8.483128032942405, 6.298241756154781, 5.6583773460685585, 7.6777152633919306, 5.551759218387692, 6.132629772569278, 38.78988909823285, 6.061241969118167, 6.417655231410244, 5419.837224718221, 4.999839175300998, 6.485151750499982, 6.257778346163193, 6.526097631423805, 4.557248690596998, 3.802576106826143, 3.7872378032944267, 3.146953648883496, 2.751105638484188, 5.703804323090982, 2.458160111764904, 2.3522840342661797, 3.6332519001019183, 3.937432321911039, 2.71767273776225, 2.459412809776624, 5.2950209389241, 2.3086979506192304, 3.4782365945743052, 2.144867997176804, 3.7917036858477644, 2.655928349980814, 2.471576613380528, 10.221381909055324, 2.9174843320868526, 2.2185753148593856, 3.6282364889706624, 2.444382805210775, 2.714543827586759, 2.4101229871267114, 1.544117103712986, 1.9638127052950536, 2.217154060075099, 2.355368840103328, 1.7921573211847666, 1.6460070552547128, 1.682492198110125, 2.1755915021267107, 1.7200188813318515, 2.7259961739081944, 1.3145731278245367, 1.7537409609206729, 3.5474932258233736, 1.4091231859378928, 1.1178165807076301, 5.863190723669337, 1.3149327720144872, 2.1840859348083477, 1.2563261188867398, 1.403916140509793, 1.4967121173462006, 1.1882179996756534, 1.17999499404806, 1.501148609256422, 1.3044672473298253, 1.5030818838114683, 1.2651148018567988, 1.6039573736497272, 1.1625470759603531, 2.664437429059425, 1.1885920065244588, 1.2133009368603482, 1.5677518660757843, 6.789551971290351, 1.8513046358145475, 1.0131239717657594, 1.4510859651186094, 1.4115170697295927, 2.584388455866865, 1.2093125356083472, 0.7713154639883146, 0.84409207193118, 6.512580196746038, 1.3191929961453264, 1.0937824023036984, 1.2499570220636675, 1.0577665450288216, 2.4893634681815184, 0.9380439014120481, 0.9132895872368888, 1.316642165236043, 1.1335628900186303, 1.6688999308083086, 1.326096342455024, 2.6336897980536005, 1.0303070382245287, 0.6214834219610896, 1.1182640801911188, 1.0751616327844775, 0.9685845146536727, 6.686772620869425, 1.6988542383461411, 1.2570649647390137, 1.3866156719578784, 1.4522850194483423, 1.4221491802967077, 2.3206346027896756, 1.105953886912369, 0.900254507763973, 1.0548378900732835, 1.314759067187852, 1.743465781254154, 0.7597726652755097, 1.4228598945577113, 1.2927869700094765, 1.3030833074906123, 0.9799433289838292, 1.189351978431722, 1.0586903405156407, 1.643872608923639, 1.0325219732911262, 0.9562232761228735, 1.4478149221209, 0.953162331856213, 1.2460178573458665, 1.1309695534869908, 1.2436181932386106, 1.8320976302775627, 1.148676636810469, 3.5600638132827584, 1.8562596452437967, 1.691684910531713, 1.6227246411854641, 0.950390883095428, 1.316816085482871, 1.9338334414189302, 1.5334379654882764, 0.9935030162242846, 1.781564254166711, 1.0980744227310713, 1.0369261385822932, 1.463769183203673, 1.4311082856032291, 1.6256551708952904, 2.588439290739648, 1.2877008549469038, 1.1391775013177248, 2.044552913918756, 1.387025412862191, 0.9365684660531813, 1.2276218374490575, 0.9572603444167938, 1.676452642203473, 1.06508412667936, 2.342929025109471, 1.0841713465380733, 0.9684215904753967, 1.7465123719177083, 1.0657276170743588, 2.7853793983150057, 1.165768746104716, 1.0102419666508684, 2.317998462972883, 1.3844886619950199, 1.0796153575481617, 1.6437637117003625, 1.0103840258204375, 0.7499442434809167, 2.071322089448072, 1.3179001592870727, 0.839924804534341, 0.7924105435748802, 2.7917852007046906, 1.9282456999202358, 1.0939327239911723, 0.9201539305907713, 0.8259555637237381, 1.508494769817121, 0.7437381226673978, 1.4615739544634758, 0.9892070323623611, 1.487042323238609, 1.061447714339671, 2.7949901130740438, 1.2580983535428663, 0.8887469669744132, 1.4761320561351916, 1.9258029330163124, 0.8414330469536574, 1.1128440313888153, 1.0812259186992417, 1.1177728136111822, 4.119099741902095, 1.2740045966718188, 1.157478604374105, 3.1018843304131507, 2.243108138151341, 1.4127146885545951, 0.8766981162460177, 1.071241032806176, 0.7324459447467551, 1.2920277141737202, 0.9925632238836868, 1.6248094861205158, 1.4118032213892322, 0.8561529900499563, 0.7566307262392806, 1.0429089525044628, 0.8799795122652735, 0.9716469522906119, 2.4580422155384944], "eval_mse": 1.3549293450165403}