{"theta": [[0.7891485672820727, 0.4212237828619501, -0.01257737628590902], [-0.11007003702439325, 0.46536904798614126, 7.126659303662558], [-0.483048258401332, 0.481563797252847, 0.23471298188255413], [-0.5613406058782577, -0.25332804192026936, 0.5256484492187738], [-0.10190550221543525, -0.3433662352274307, -0.7111621450364707], [0.539573978634766, -0.1841418773437891, 1.4784770764597686], [0.4967235829455564, -0.3098672577770224, -0.7885474320996262], [0.18503347309101398, -0.26031027543633534, -1.4814760706450232]], "curve": [127.27217889235584, 22.601086807909926, 10.836680444797121, 26.6229925452186, 9.083656369813335, 9.626180076549959, 6146.489587882413, 9.895763017248754, 11.570983278112244, 14.30075550000565, 10.245402950664594, 16.129430860490285, 10.274648629488276, 11.95343390714357, 11.593807123123643, 9.917153997196415, 10.650935258845799, 137.56754645237743, 9.819819424235021, 11.113930345602114, 13.434432196692736, 9.25750556328756, 9.03283199533832, 5427.668379130443, 9.94236778041901, 9.770207778350501, 10.95154137150205, 9.110998670242077, 9.244016337329322, 5673.243463063434, 9.160145678312395, 11.227782617881513, 32.78622869617466, 10.548248853559182, 5843.205705870762, 10.701647385294857, 11.449803301260438, 15.500320863680612, 8.828176999424652, 10.739235922210659, 35.36264950704763, 9.827488392599562, 10.269890466509356, 53.453867568417586, 9.273523792013187, 8.543809808377178, 5605.581761380176, 9.057829476484669, 43.043520991781875, 9.456916040795202, 7.694684873316108, 9.508642738677308, 32.04345094159744, 8.820212843947623, 11.268032471972713, 7.900477560048044, 8.535676206395342, 5729.227835317179, 7.633587262226956, 7.343669606776432, 8.526564163788223, 7.557658008444115, 9.485559094294112, 7.373631114871836, 5509.16419568711, 7.690020953409312, 8.558878936302602, 5696.2108114337325, 7.716520872791799, 6.449269920838074, 465.74225541292327, 6.511549856535729, 5.408836221850021, 5.687834012645025, 5.887155482341406, 5473.162237595993, 6.136962582001056, 5.762945774777363, 10.233148257801266, 5.759518967422639, 4.770610531673596, 4.4388680577948465, 4.570570220677477, 4.462146167037718, 5.022838343519189, 5.273950974160331, 6.547671086810511, 4.573129681648853, 4.583620471514901, 7.887880013476555, 3.6546946416086397, 4.227659609643779, 8.13567157423307, 3.542360994943684, 3.626284484107907, 3.1558327390969034, 3.2015611767649466, 2.3678638838401285, 2.3006286679805, 3.634000205537189, 2.227051111968238, 2.8189578230023473, 2.0466473531352163, 2.191068603560383, 2.322148738199275, 1.892461717850531, 2.275872396801317, 2.613400094009765, 2.2319736131969834, 1.5770057610735668, 2.3402014369921758, 1.9498902397643205, 2.738402105579988, 1.6821247929443464, 1.705355679097757, 3.519898425702273, 1.9447167788499975, 1.258476327558051, 1.128866235487279, 2.129070174446974, 1.1887513436390094, 1.0618498479240954, 1.6837606462769996, 1.652894734090596, 1.5425121422838124, 2.1104593190361194, 1.557371756187027, 2.277703867955818, 3.2270044515111223, 2.2123249390012276, 1.522064259373464, 2.9022367872847314, 1.5377405222192997, 1.1585930738079335, 1.0487963609122726, 2.1676446762006893, 1.1491832910615787, 2.4528398632409916, 1.0799387057624825, 0.8656961982264588, 0.8701006001585322, 1.0668940946004524, 1.5245282235122017, 0.98007705205773, 1.2714688312497258, 1.7072277533705618, 1.5909742503666304, 1.0374377859224613, 1.628827870218296, 0.9509767401023208, 1.2342369654977186, 1.5128709524741588, 1.4913884805769722, 1.3320308175328488, 1.4671267782886677, 2.1021942087194545, 1.568200915271133, 1.0817091701633543, 0.7424135329800141, 0.6842323953457154, 3.249360307203401, 0.852590952497498, 1.9112853676001347, 0.9846349969045418, 1.5144960636017926, 1.032956702573275, 1.2669686471281314, 1.8601005745258392, 1.0100836659184795, 0.7081390739009749, 1.2495482177938255, 1.050075777932028, 1.3742243877700115, 1.7699962708947443, 1.2419914022704686, 1.1260033996795835, 1.3017258097208626, 0.8619885283704962, 1.3233229936578763, 1.7116950728183236, 1.0193047165531737, 0.8618487591291446, 0.8841214771933193, 5.591757086675048, 1.326451442639695, 0.8128156665090762, 1.2984162539978645, 0.8727590249253909, 1.163255918786311, 0.8444949086368874, 1.0605992054556108, 1.0840162285716937, 1.3266366723740237, 3.05805087093741, 1.658991845621236, 0.881030309493973, 0.800167333379243, 0.8287985677372497, 0.9767202240716737, 0.9846944413970813, 1.9561013676380328, 0.8665622920527535, 1.0775175045025371, 0.9941710189833126, 1.6191165470489464, 1.2662885645393553, 1.452343181214232, 1.8849647559336569, 0.8738317302319024, 5.799534404166771, 1.7891348992202103, 1.0524787243464517, 1.4743125783365305, 0.7057376613575146, 0.8028967136136114, 2.0029891270805322, 0.9883925237389702, 0.602949590900686, 1.2807292178284944, 0.6799336715956482, 0.9082981183054153, 1.1928211997785847, 1.0525986869964092, 1.0410149709609884, 0.8076460005724155, 0.7860010007962482, 2.0229656902802398, 0.9460866337895226, 0.6528371764464695, 0.8274961416412266, 0.7891098750501583, 1.6543700534815833, 1.067125095426709, 0.7569107602252401, 0.5938568374261901, 0.5572093219174863, 0.7007394936322782, 3.616665690657153, 1.594486440097651, 1.537514010997276, 1.1056461106262987, 1.5162169902034348, 0.8658039689150981, 1.3220786036989367, 0.9090562712286269, 1.564867958470324, 3.7805906971186896, 2.3598394025263607, 0.9125217895535126, 1.098022659939848, 0.7446263356564315, 1.8025847059280318, 0.6929692805005205, 0.9809394996808457, 0.9704779260068628, 1.1659487870643517, 1.4591577864509224, 0.7789215750473637, 0.6802626989797914, 0.7973163969477448, 0.7728124290075092, 0.8351261126719506, 1.4058160607073855, 1.197852076107994, 0.8472841499940963, 0.8192252331318486, 1.393444735442811, 1.090769809111124, 0.727693093482332, 0.9317800150894817, 0.7494506485413689, 0.8173573715228193, 1.1300974694784447, 0.8357945753615643, 0.5787320589297043, 0.7451929648975797, 0.8768902076141836, 0.9756562090997991, 0.6175348253851584, 0.8210690418140763, 0.7693927774896928, 1.0601598075132643, 1.1201694987397104, 1.447853598546652, 1.0849314396950493, 1.7423459838264053, 0.9871338698877931, 2.806161124593932, 1.1972086697749778, 3.231985571336028, 0.8019301497457542, 1.2490181815328711, 0.6913722660626715, 0.6196432931264941, 1.0407615532428032, 0.7948925262539817, 3.028348071606883, 0.7663274765614907, 0.7836568644943651, 1.3118902397696128], "eval_mse": 2.704865700678741}