{"theta": [[-0.7151237633203823, -0.11674443177747695, 0.38631797749907965], [-0.7701738514667009, 0.1981447539921845, 1.2205298273539782], [0.13096901971783442, -0.09184359701680433, 1.5432489319808331], [0.26469903517535204, -0.008781451486546715, 0.7701734978827514], [0.40000350680093233, 0.23446899320414738, -2.711833997870015], [0.10336351151505814, -0.5696197851313327, -2.4397490110894773], [-0.737959921926076, -0.19902894088372736, -0.46571428245515445], [0.5187839385767793, -0.374440102242376, 5.497304300433523]], "curve": [158.04134812317588, 34.9543524152362, 13.368835531700821, 9.495359401301236, 10.591075399970647, 10.1839819128127, 10.185434291835145, 9.380278607301362, 10.737446971123383, 5399.750583728452, 10.380300027474984, 10.977382100782709, 10.840862372732213, 10.373379447940982, 14.270976884552617, 10.399433195693604, 21.938934514444856, 10.39457300070817, 10.708914577839824, 10.122967299560356, 10.503655447387436, 5624.159520160875, 9.145649382925187, 11.453832045547566, 10.852402124253178, 11.480928407127122, 5715.797838434909, 9.206152763253481, 9.465833218634856, 115.03807754089173, 9.710539213661685, 10.464518608858262, 10.919683560462907, 13.911940633271865, 10.84639572979388, 382.76866503968733, 10.742034655005309, 11.39292993981779, 19.60989819791944, 10.292858427167074, 9.759912820994645, 2363.3923108587214, 9.508174882487966, 8.665530826462742, 5292.932053907973, 9.650195147237262, 10.297859190017002, 9.898619135985943, 5266.88001482956, 10.265636428904436, 2635.6746941902184, 9.344460732558616, 12.114264320291527, 10.538411295019186, 9.99496152090092, 10.987025519124279, 9.531905697138829, 18.126413639371723, 9.034492739664875, 37.86817442919879, 8.946152285117543, 8.829028047770112, 8.023094712854157, 7.7539278097682445, 8.459268912819708, 5906.759818785199, 7.246181603675909, 7.759265553714784, 6.549775419021038, 7.517056700035142, 274.4181857675162, 6.314183727354381, 5.184236408105916, 4.997949281775229, 4.344858460066142, 7.620693762281655, 4.270574006417405, 3.665660707607407, 4.422905289796458, 3.5802555839952137, 2.3717019697995845, 3.309224663602652, 2.3857677704606846, 1.669116348987155, 2.749877347889287, 1.682927395055737, 1.7703531237233867, 3.494530859278, 1.8359149681643303, 2.868742608973342, 1.4444913202209324, 1.3042029511782016, 1.3685220954084956, 1.4611460148323454, 1.883300725031175, 1.1978081102657865, 3.255335037312502, 1.335976027306724, 1.5188614936976086, 1.5967942356129257, 1.4587375356148187, 2.566121957618994, 1.6018310018977269, 1.7478366879721854, 1.5822990098971674, 1.975611538144773, 2.5567438026176, 1.3796065498166483, 2.015207749373256, 1.656490059269649, 1.1559741077708603, 1.118038791923986, 2.019640642668923, 1.2924080648124672, 1.4561199670417626, 1.1305371049544553, 1.8676770592849452, 1.0539949926895325, 1.1341901602643012, 1.1497255889830156, 0.8787165364948377, 2.208717648587397, 1.0283666040631199, 1.0104034192449483, 1.4142823377724285, 1.4959758634827636, 1.0051430808904793, 6.525383570045197, 0.9502227511045992, 1.8987549870529177, 1.1656223642792267, 3.528601776543141, 0.9057240756762576, 1.588859665675331, 1.4046275874081273, 2.52438610611659, 0.880682634643998, 0.8216697484963359, 1.2701810783730683, 1.2361844014956427, 1.0551534871196713, 1.2311409400027393, 1.034134767905593, 1.749024167774031, 1.4037123422736486, 0.7608751144982361, 0.9328257995333763, 1.6667673866155346, 0.7829762432361937, 3.7912838627060923, 1.8117237359308476, 0.7844143784042287, 1.4594169130815793, 0.985620806764618, 1.1348100483107908, 1.3608454945667496, 1.00179420817084, 1.0722654945331993, 0.7801327113359191, 1.2902795395017226, 1.0821864831908417, 2.1876455402295782, 0.8425350664675384, 1.4159385587022961, 0.8292518315139392, 1.5604256944239614, 1.2921159133479911, 4.436210552097107, 1.7035971386204751, 1.1005369134507919, 0.9707148215525729, 1.2781597691822508, 1.1152203118954944, 1.2439944423791653, 2.2374442478462355, 1.630992621407307, 2.074520276354522, 1.0512293632625582, 0.805401865931074, 1.1797751771983842, 1.515310895032278, 3.008022611925933, 2.0855445057075346, 1.7505944639818944, 0.9065270213646478, 0.7746413850385959, 1.034766436457597, 1.16924931449625, 0.9050958877355468, 1.5862879293477326, 1.1782486935952579, 1.473678334935671, 1.75972568005015, 1.7453043546050284, 1.4755801941634077, 1.7797481535973236, 1.059586348432962, 1.7621741270379059, 0.9592370006981197, 0.7671045614241606, 1.8753486692068295, 0.9941122914765577, 0.8057873116564446, 0.8776294139175842, 2.9305465647157605, 1.0596380697688312, 1.5735915406454541, 1.1157699435470056, 1.1914504067038905, 0.84508170281275, 1.2053875226447963, 0.9522824723706366, 1.78673782621449, 1.1659412419013508, 0.7602799653822375, 1.223232417925474, 0.7760988441759226, 1.0640955524407776, 1.5974288100387926, 0.8591230848713186, 5.055608610582482, 0.9690773972076572, 0.8283243278155898, 0.8054897600502696, 1.1450660132504658, 2.1075484040383454, 1.6934699498964045, 1.1734751461208806, 1.4018278005300464, 1.1133821063312614, 1.3929045672925053, 1.3703099018602947, 1.8793688013098917, 1.0825855240303368, 1.4305709902887225, 1.036732616208838, 1.4009345734320662, 1.1485008129623973, 2.041288671356136, 1.1010525616523346, 2.067765490554615, 1.4608141123640788, 2.746471977215715, 1.5375992568483998, 1.2110818848366547, 3.1166394817804686, 2.0352353892556843, 1.1848982775841488, 1.5998351123892987, 1.200990647465996, 2.1695944243801426, 1.3467016651518187, 1.2963119111024197, 1.3393030390342806, 4.422529450304908, 1.6396861055761043, 0.8981177974260786, 4.183111933498296, 1.412122606363299, 0.902517533768041, 2.7345579765380754, 1.1013839418853981, 2.0125797343917684, 0.9978138948750904, 0.890367339031327, 0.8842722684510015, 0.951359556935851, 0.8634639292842449, 1.2057866678487894, 1.2662990744400309, 1.2163702342815157, 1.3214769314277768, 1.1460081422616089, 1.2357788088877728, 2.4034312418743347, 1.0345916844651466, 1.0986991369541321, 0.8709279177950099, 1.2604877647934465, 1.3122656006366245, 1.688277863750737, 1.771269686393262, 1.761191770728711, 1.1185585190000409, 1.3004676861375777, 0.9219668422940985, 2.462794116392615, 1.0937665179648264, 0.9206722719466846, 1.2544546176310463, 1.144742039621411, 2.16427468560229, 0.8505862827239747, 1.0040151889688067, 0.8291970290560208, 1.6684968666106363, 1.1346506884417917, 2.889444981621713, 1.546936461910362, 2.45266724262238], "eval_mse": 1.3743365845126982}