{"theta": [[-0.012607898560042274, -0.3301256721403505, -0.5069118760792045], [0.8274733997602725, -0.17141448347134594, 0.6018531610423593], [-0.6392981265621439, 0.0012178659626920635, -0.47302529412634575], [-0.7986123290235052, 0.4809883749528829, 3.764063446992806], [-0.31367563039341967, 0.00598515036937057, -0.1869903327527051], [-0.5878103442319614, 0.325318337173707, 1.0465374548381357], [0.2889440672405095, 0.2106707931037767, 0.27576549494933683], [-0.42427724819797896, -0.18076231922996977, -0.4311463542004538]], "curve": [70.52229401293766, 17.298685741165556, 6.563505541138473, 41.953827506488615, 6.084158443039697, 6.149827430955037, 10.837419905375608, 5.551291691981369, 6.517969877847726, 6.984769221160543, 7.522595918507856, 6.299059676306291, 9.72541705585804, 5.769868046609706, 5342.554719661361, 5.89119575576208, 6.256085088375279, 6.960522023369508, 6.165202609406007, 5776.081604803995, 6.374469234821586, 6.04423813216333, 7.179895000930068, 6.039836997331286, 7.707728338998324, 7.212409467522368, 5.798221646130669, 5.889475461758445, 5.817845337031637, 7.673120488508625, 5.904588561466457, 6.101244472896316, 77.42116554423481, 5.960171638798959, 6.201022200973577, 10.371501870080976, 6.538763285141107, 7.155317359265759, 5.896143030944594, 39.407090539578064, 5.763827945988499, 6.723681806554924, 6.2318722251020855, 5.477506543558905, 8.730178831030885, 6.117131333947449, 14.097942257189695, 6.083362799228331, 7.2701715354026595, 7.263080275615936, 6.366793924446512, 6.95125590262122, 6.78208402301841, 6.490002620597883, 7.718960488671414, 5.967811084197997, 5.618418761234055, 6.077317297789617, 6.339178262215819, 5.684520362622558, 23.944470653869708, 5.705830873887714, 5.298580824117672, 5250.786059688411, 5.32174755972273, 6.136227937849484, 5.154549421119276, 5.749611118334869, 5682.922298463212, 6.995972024959416, 6.2766082944253085, 5.526780589681566, 5.725297403277445, 8.718971117753156, 5.66674839268607, 5.33933547081084, 5874.882091234342, 9.028407201087353, 5.927138871779278, 6.66369044272599, 6.421793751630248, 5.256190423671986, 5.275021183951052, 4248.196952340382, 5.368375186569488, 5.429677440298659, 15.639468237352517, 4.395499246534463, 6.231825387627042, 4.78924194400103, 4.610633654131313, 13.000635095383023, 4.295669763457614, 3.9143356410359487, 7.52447033496816, 3.75397397848491, 3.5842758820819975, 4.476886799570656, 3.427725212778562, 3.8549497672324735, 2.714199616619196, 5.540623543617767, 2.892251702854659, 3.1559507471545576, 3.9297794927290335, 2.979827156066136, 3.516663370617207, 3.2341714800923027, 2.9592480329327877, 2.782049229988939, 3.914570847707231, 3.147794540583841, 3.3481912070560123, 4.092424162935642, 2.7080580120764295, 6.619165281791357, 3.2263911225583475, 3.1530184451967918, 4.634867608758234, 3.3106982308777706, 2.8927434718809115, 3.9133988440466494, 2.525984568157472, 2.7780439180574326, 2.834150501725449, 6.297955160946376, 3.03434084781627, 5495.032596982164, 4.302051820007849, 2.9417128570076088, 3.1029115106682412, 6.3159323485383885, 3.22420744249598, 5.124733654098766, 2.9087233336266216, 2.606747969094237, 3.0469310362704736, 3.100908187379221, 6.705316106673979, 3.2193265236141824, 3.7233152233024427, 3.563857531894929, 3.7558234615982315, 2.624627128949224, 5.829682412252652, 2.9300452957349354, 6.538311949247909, 2.645576185952687, 2.709441672269184, 2.5603284301480187, 3.103863815246666, 2.683902472160622, 3.9446696630636557, 3.517755635746026, 3.156744698328439, 2.710677257107728, 5.862022748204667, 2.829957799403916, 3.965303456529399, 2.9765773078115902, 2.953420695362203, 4.903012215762523, 3.307603084347269, 4.828584146151338, 2.8396885402576286, 5.059405030431642, 2.906423595416286, 7.352443138427044, 2.552826096793628, 2.7722895673047327, 2.4878648865453257, 2.8139261694251525, 2.9749036038698145, 3.129317753509978, 2.860123193146508, 2.7063518756047618, 4.005469099083724, 3.759786071452586, 3.108326656635286, 3.051031640506546, 3.0737342115062227, 2.6163451835355644, 3.329325698981089, 10.582456124252527, 2.5590630683219198, 2.6256296657066285, 4.686729662690978, 2.769929857250187, 2.990851125339501, 2.7287328700161173, 4.254664562844294, 2.7895706007302143, 2.8983111870827374, 4.164193201736481, 2.927234030636893, 2.772366464185647, 6.243284388077542, 3.2037856529226882, 2.7001535018868323, 4.47256767657963, 2.5596936848757434, 3.2557915936115926, 2.6535658962033724, 6.147969688205988, 2.818145874878009, 3.1096333257133293, 4.6394100262322295, 2.8346920385662018, 5.103900169284433, 3.724799241419263, 2.550638164393977, 13.186180552939874, 2.955709343358202, 3.000547607208272, 5.654252349525073, 2.8063444645138733, 2.4999608084756275, 3.578816102140955, 4.369122399335036, 2.452009988249353, 2.984323413186393, 3.259854754646112, 2.568688544673965, 2.456076706444701, 9.340291893113578, 2.5519373580117968, 2.6335987017562252, 4.761056153818889, 2.8551272256322515, 2.663800635138008, 12.923613819708397, 2.4838141136081604, 2.951624263331547, 4.471828139461294, 2.7694972875669985, 2.788527546093927, 4.278635679557238, 2.6412475348320124, 3.1732678598819355, 2.9956382388315954, 2.981416946285676, 5.017156955208122, 2.733379420665483, 5227.035026065377, 2.577817106870073, 3.9228347032272426, 2.8455047653526333, 2.6801440867671147, 3.3833238322787897, 3.324979763136722, 2.834723708472174, 7.274679642146136, 2.5782003787866103, 3.120530916282637, 3058.7298856724137, 3.0975873443610866, 3.9162554834372982, 5.500440472721093, 2.9280642468599645, 9.673299206846822, 2.860572654664266, 4.573687157250011, 3.4526141614617636, 3.823781727962641, 7.164986084902773, 3.287877786306534, 3.6986363146267176, 4.344260358054661, 3.430020282770599, 7.761042793399599, 2.811646755318121, 3.0757029278612795, 5.06623940244082, 2.8575050453265467, 7.441676975182793, 2.7075109409308777, 2.4905529138280382, 3.6020331346312116, 2.8171653458242174, 3.134193680967159, 3.8586698990472117, 3.1083352057428537, 10.588835158950102, 2.8616347047498656, 4.878783725497603, 2.9280911461988013, 3.360690986886055, 3.430702765514969, 3.0769628817113124, 3.4279479449659345, 3.4674310468524183, 2.871932172195193, 2.6466260020944006, 4.024992732833494, 2.7615948338296983, 2.92876808392019, 3.4359929316160867, 2.997827516681778, 2.984288110963668, 7.73703976761565], "eval_mse": 3.3254202154261647}