{"theta": [[0.3207682535053407, -0.2744868592452365, 4.423872008031642], [-0.076430639430688, 0.2975525979866873, 0.3569902007729232], [-0.5083418437211742, 0.2194893348950716, -3.4454756912151083], [-0.3787262047385108, 0.4192773277378186, -3.223966651992041], [-0.17736738370812521, -0.43344581598083853, -1.167920485547524], [0.6533234814469498, -0.02178611139905756, -1.6168689761677013], [-0.430066365341679, 0.04922052337976586, -1.908694601537686], [0.3241631770737585, 0.6274750069367874, -1.007671772394321]], "curve": [59.79278120997837, 11.694279057141252, 6.058577888861795, 10.29839379920163, 5.6158446069264345, 5.913634229397211, 5857.833258337651, 5.828458288477015, 6.334228811542347, 17.02328763292369, 6.089642441010034, 6.155407613352771, 11.555629604547041, 6.017118595805074, 5594.13955038273, 6.476697927776277, 6.812180141459768, 7.272760340890556, 5.9103805125085165, 5829.6628086692635, 6.044257137899098, 5.790084658614139, 5.668522557392019, 6.405635392058986, 10.434901003276115, 6.104274487959246, 15.555938338522433, 5.807540501333722, 6.31324043738634, 7.073177159632283, 6.879835680606249, 7.051681567822704, 6.320198508354076, 7.065059945291728, 6.392139062601578, 7.992000218920659, 6.127213499613322, 4305.014690846481, 6.0308428090416335, 6.522259714431409, 16.098115053965127, 6.289541388277815, 6.054646188590127, 11.449090337150295, 5.870792073102511, 5.207529610653314, 6.750194333990347, 5.698545002905503, 5.644744093616328, 5374.57448416805, 5.530192846689588, 7.226472684893314, 6.800042248875822, 6.2611445316785135, 6.153227109366277, 11.839726971988089, 6.536849341500323, 6.537701253195747, 8.294979104431336, 5.874991628015716, 6.162254056372414, 26.864361850381066, 5.769238537883794, 6.399788522649562, 76.50808016034696, 6.095717330757004, 5.94472137379327, 10.019598446798097, 5.698147208115759, 5.388695401436972, 6.872006940205303, 5.403692049103792, 5.182899944757294, 4.983747561671758, 5.343531534490895, 7.623504166077423, 5.302047843333037, 5.2756562991014615, 4.938929089117002, 4.9075258752554305, 4.810118763052862, 12.645722194079983, 4.834031262205747, 4.535535355506163, 4.859392470137283, 4.589520874610029, 17.487764091429188, 4.497210660101877, 5.183531578857979, 4.655809828427407, 4.367451632899139, 40.34318653856361, 4.806181650027272, 4.245341321725398, 5.926759092845024, 4.0638977561070995, 5.443324499405969, 4.596236990481112, 7.959963617478581, 4.171657361126131, 9.617808664705333, 4.16876492837454, 4.08944906534139, 4.455605770231284, 4.711928787469432, 3.82923429432177, 3.603038204291632, 6.188354504162018, 3.2741851557266077, 3.2920464367830644, 3.117367231797198, 5.5880525404673635, 3.347940349163115, 3.344362259150098, 3.1266541468246913, 5.19811104772159, 2.782605138706935, 3.444242592798313, 3.9119882176740504, 3.2771398338426128, 2.799298290426598, 3.2455432653415532, 3.0236294425457326, 3.8339531095734833, 4.388612873512643, 4.423167586750634, 3.4760247992250792, 3.0907043850885145, 3.136666825485254, 5.044351591597854, 3.934085395674102, 3.2058490824333865, 3.416952743385412, 3.08248751815283, 5.66767500617804, 2.855791520550237, 5.027451471994976, 3.2306911323570757, 3.6174458547803385, 3.2528315715655576, 3.5581020434978345, 2.879965568433055, 3.225574305070524, 3.3439781414291767, 2.705333086298714, 3.215875671971312, 2.6388335549059483, 3.821027856855303, 2.942307752917112, 28.414135656610444, 3.0623455021036357, 2.857623563302665, 9.913500945305548, 3.1119966308259235, 3.479848140206936, 6.942320886624019, 3.4885586646162507, 3.155327182612089, 3.048911815743933, 3.252079935700603, 3.092965979418613, 3.2573639886589, 2.959465808032925, 13.343883308878494, 2.8786924597145886, 3.152193519330609, 5.956210854153902, 3.0550011567265045, 3.4481391997879096, 3.5195103252339424, 4.439771470411717, 2.7643499807062524, 3.021507918004094, 3.438770476940651, 4.950390038471089, 2.9659092439048718, 3.9927226260192326, 3.321300709642742, 3.019214661817208, 2.805305376156273, 3.820925320913338, 7.500538156976519, 3.2957053700041836, 3.124896577614794, 5.816036473452609, 3.1474722559591637, 2.9047087259277684, 3.3896483669316946, 3.243505556161414, 2.7772936784619477, 3.204038126473404, 2.6533134830279823, 2.5959618378355445, 3.59915811565863, 2.445741640397488, 2.7580729901365326, 2.7558421311779493, 2.5286094639186127, 2.6944888867520618, 2.9216407731479825, 3.9078577534119328, 2.961507301535878, 4.34417735882907, 2.9099219765695414, 2.6410647157540073, 4.111955717490008, 3.2862549804394505, 3.4436548533043174, 12.379333548459849, 4.36636659768407, 7.804054675374722, 2.916348022094516, 2.5327375946128834, 6.906269554478739, 3.281126752046177, 6.609102127865519, 2.778474673499172, 2.827166679981074, 5.707820347686994, 2.7089835993063835, 129.33641153244983, 2.652193335638355, 3.0426681263993025, 3.874387741604324, 2.908037681602217, 4.360654489545517, 3.007230875338947, 3.263935417647464, 4.137800406800251, 3.092236385300487, 2.8784743765370764, 3.9813596330153755, 2.770861220783939, 3.5328697731355034, 5.187531419361308, 2.5321082292786623, 5.27992348859315, 3.1423745536713934, 3.7523973399200625, 3.9331880012705587, 3.7074166000525, 2.9000453093055496, 3.114593266526085, 4.790974017001976, 2.8333643234224737, 4.949350346765515, 3.069805266405704, 8.082660617265853, 3.6523845184756616, 3.3206598841106727, 4.464906857716195, 2.9362400180061146, 2.683843257389713, 2.7685310501326903, 3.9470216495390154, 3.0697881387279664, 5.625052283517791, 3.972444779465986, 2.5223599401869863, 3.1212278953489454, 2.5719554468913666, 3.0778112909286457, 2.788405646213092, 3.3028228569841636, 2.737050490459716, 7.035876901268151, 3.315135196896574, 2.4885395921715787, 3.5089426223722184, 2.6554376507777047, 3.5916904612573455, 3.8116438749685146, 2.7361138891860155, 4.198758147629304, 2.6021228629921294, 3.4457284374491346, 4.714710746100403, 3.0839858979844488, 2.6345280874727117, 3.612581354703112, 2.551394879737985, 4.046494353553034, 6.5865952366869065, 3.4921148203190993, 2.5588370454822926, 4.6066943937532265, 3.8426389284930345, 3.308369307716229, 2.650577712536204, 3.1516419001308797, 7.102705567938031, 2.8550826418446245, 4.491206415272523, 3.3826553921182696, 2.672457175499278, 3.342711856753703, 2.6201236858601553, 2.5574594683645646, 3.39615746980718, 2.7566058456286906], "eval_mse": 4.675411168010125}