{"theta": [[0.33621874792667783, 0.40648505634916554, 2.908740631774157], [-0.7562801771064855, 0.3441816656676451, -1.4988071475013098], [-0.44603258676881696, 0.2525297760824047, -2.8258445763646765], [0.42413071733099367, -0.08711068837273545, 0.7460117429730075], [-0.09180933015703528, 0.1554366235702763, -1.0565143597423114], [-0.07249275289549428, 0.1342270008089357, -0.9476738674956285], [0.07873422768294727, 0.15916643772207675, 0.4797404487478069], [0.6309432029896331, 0.39900032247786055, -0.9282068655182811]], "curve": [65.81449548079344, 14.192234700368289, 6.260048778645077, 5330.955695131945, 5.893384368126904, 6.450623277494288, 10.3369553626412, 5.618199386021629, 6.056568440017477, 6.244206843015722, 6.186619561505955, 6.18238817061237, 12.864469522277265, 6.057865638385467, 6.923930189763278, 7.446153297757327, 6.346844694883987, 6.337803454536342, 6.732534736414406, 7.543303830161657, 6.245462503439213, 5.883667342569185, 8.603422560840167, 5.868627027714533, 7.363003423227396, 6.06709834379285, 600.5191208818906, 5.697114885664771, 5.773951181545778, 7.849048645425764, 5.692193298691592, 4546.072948441006, 5.943595592556282, 6.45137045314971, 8.374054290652857, 6.502184020117856, 7.34487309895597, 6.665354355690872, 5.906128931036361, 6.9345588466287955, 6.07553901559519, 6.306192732964575, 7.437393213977389, 5.623208114492569, 7.210676403972525, 6.156631294036134, 6.292274902147646, 6.477746475400311, 13.272142715745375, 6.232905692549094, 5.720737849966841, 25.42173885549871, 6.15281663755241, 6.602386681201323, 6.583680139098818, 5.8735150148828295, 11.053064374640755, 5.854947876738352, 5297.506631534766, 5.654433270515888, 6.304049336630993, 37.366752141246586, 5.680145980372905, 6.9065246496018675, 6.591821247992526, 6.011496702584802, 4788.985070161124, 5.81946460252001, 6.026370932905217, 6.732656822238697, 5.863254738305209, 5.747051973441732, 5457.399070323598, 5.67255889316093, 6.16188147443207, 7.3112872882547295, 6.427507571245695, 39.157132364119924, 7.057066792119932, 6.380025960834595, 5.687373631920414, 5823.716780339668, 5.628168164555281, 6.480869461491581, 6.296009474933214, 6.7961378384980105, 7.6589615655628265, 5.738192396494743, 8.097242750123877, 6.275358056782289, 4450.711585269713, 5.438857964761786, 6.076474550972744, 8.7476746342335, 5.687530002832154, 6.787492988763218, 5.399572597847952, 6.530074589087988, 5.614667228333283, 6.077422265780707, 4.97216335927447, 5.172337737052937, 28.51967176206499, 5.4097111252821035, 6.042489245930009, 7.574820971884431, 5.252778409106218, 5.076805623994623, 87.05657810160064, 5.741075943178243, 5.132136620270645, 5.190794085940999, 5573.207078601381, 5.476976339716531, 6.576850615321467, 7.371754184467593, 4.936783602827227, 4.89226749904362, 4.804306048041751, 4.9357586466966135, 4.9538272239539145, 5.318230964176677, 4.583159424341867, 4.646375294944423, 3187.7266626410265, 5.0706587182276115, 4.489212251380766, 4.6977782093979, 279.1336252504059, 5.099904545644091, 3.8446883948831885, 7.591196733572094, 3.6030562454805937, 4.48809886681939, 3.9476266633015213, 3.9938992782407468, 4.441996599920676, 3.619932217612461, 4.421415556191762, 4.599473733181426, 3.8629063682515263, 5.832256652990904, 3.919994231966416, 4.3420641716860136, 5.27303335794405, 4.648849974577809, 3.662396763003366, 4.181273345323981, 3.8029930775084786, 3.6017187310296923, 3.160631074523401, 4.403720646159774, 5.591309348239629, 3.689555587762066, 3.508554954553661, 18.33624511479745, 3.8957565503986022, 3.628961403113218, 7.145315055311181, 3.526362486184338, 3.085813037724432, 3.6935986224335755, 4.632623697511923, 3.323342171948983, 3.264643994477055, 3.3639955452445665, 6.85861731184638, 3.2095182065944057, 3.354736267353641, 3.7133195392809513, 3.0435852467460047, 3.2333157216233714, 3.4356171201027217, 3.1368480709315736, 2.9954682801927377, 5623.481799990077, 2.9282642873103573, 2.8650556800994464, 9.986429620216851, 2.9028784297507415, 2.7853961818059774, 4.341426613519076, 3.2747181142371704, 2.8804778728339255, 5.213076914457838, 3.03931448009363, 3.1838726274977116, 5.590121888035033, 3.151890639801015, 3.6586647286712455, 3.234298903318024, 2.7593074670836626, 3.4894313967234414, 2.7588820238622747, 2.9904279950202053, 3.277326978257079, 2.468672564362893, 4.194224760872073, 2.473701689630913, 2.4718599561633936, 3.181336748161422, 2.8770899696594747, 3.318731918420941, 2.7573544931700362, 2.7982917961452847, 5.547820476163889, 2.6876717526340284, 3.0005867088086164, 4.21186820636366, 2.8811126893600663, 3.1787669085770807, 3.9311306931175563, 2.8368994280808164, 2.621255790685951, 4.607580439270386, 2.6209656569517183, 3.6578762579885464, 2.489531527523696, 3.434788696686469, 2.7161767791145204, 4.3351647491791905, 2.4427259153273724, 2.5162879818990196, 3.5997122080358768, 3.526084902915868, 3.3523691129681867, 13.34339519875767, 2.8846352222838787, 2.608451655073075, 7.39560004136525, 2.722298817605385, 2.844325378920194, 2.9123120154041255, 2.6559954707135347, 3.0910587411324166, 2.6282782594317164, 2.5712577892034676, 2.836606358463208, 5.3471391986291925, 3.2302553105231477, 2.9533326723410345, 2.776705587031627, 2.9511705099711794, 2.8622477922010883, 6.315688725410875, 2.8463871822866023, 3.8548492249314057, 2.6774096199406645, 2.8376436133869314, 3.4908686116956096, 2.9128171812921715, 3.5943914586245516, 6.871874350658631, 2.6667341884382747, 4.1953202750883465, 2.5319746816677333, 2.655601353752751, 3.5763150895462523, 2.7802797503597474, 4.20249115762918, 4.691714781162511, 5.0222485026155175, 3.2506272001401575, 7.1824705065496595, 2.636156145678621, 2.655802849690029, 4.207868912081341, 2.947281644362621, 3.5170248023218122, 3.010426217230221, 3.3751486624513434, 3.7067374210801383, 3.688865218097597, 12.935225743282576, 3.718656235258755, 3.4277768230301806, 3.8632555966615034, 3.0770861676764727, 2.783686300688546, 3.2206712773704993, 4.992350107510969, 3.2631134790085166, 4.889650064979893, 3.7268523210732383, 3.025536504166567, 39.64482284124837, 3.060192759695569, 4.114982586452798, 3.3687832358497873, 5.593312064886922, 3.1201409308562025, 2.818115977855846, 3.8861268821559896, 2.6358779087517052, 5.148150211197602, 3.0540396789098265, 3.2175840018831963, 504.02584023678935, 4.077874299907108, 3.272105935331363], "eval_mse": 4.269617876795916}