{"theta": [[-0.22583861844934244, -0.03764970560489962, 0.5165765707422856], [0.371967318155499, 0.04550120765602547, -0.852806071303291], [0.034125496849027846, 0.4307767665971314, -1.2812896126650657], [0.10924125816080814, -0.24269930441254545, -1.9591968952655332], [-0.4391513320182866, -0.21405086868263423, 7.334738234737778], [0.5006850266775053, 0.15306216685408983, 1.2445388927409535], [0.728413932753203, -0.02594461076135543, -1.0676718289241571], [0.06968825344508, -0.34068127552764127, -0.08469525833324688]], "curve": [134.69485601737867, 23.48843677382364, 9.895050846887758, 5708.8356459352, 8.375305255753837, 8.998218061972018, 9.754156522659185, 8.73221055198258, 5275.033156408883, 9.967186538350198, 5153.151582897594, 9.769939120163187, 5734.462348499379, 9.4168653509762, 10.911807217394793, 14.824291440819659, 9.921030200852956, 6066.721732502644, 9.95247522075466, 11.204890866308713, 10.446950624806275, 11.871729445543988, 14.522798235109265, 9.58994025593813, 10.432631342168587, 10.397748763992434, 18.56006976178235, 8.97091034290502, 5692.369744442224, 10.173802335581897, 90.25007429165109, 10.284050130914826, 12.955116164896257, 12.453080536547164, 10.489612428911405, 10.52294908512392, 10.59208428717642, 20.213765689627166, 9.328649229751784, 10.640792587424562, 546.787820646773, 9.766719061200064, 10.674581401222133, 14.093439121022952, 10.096949166289034, 10.126864443598436, 5337.140538633622, 9.95483786178922, 10.800702841832447, 10.397668256623483, 44.13804658967616, 9.189650947072284, 9.970498287690084, 13.862316073391165, 7.868922484383341, 20.766180414275205, 8.278047960758284, 7.40351293061339, 7.598722971818593, 9.047022090753174, 10.878398400327141, 8.848450706565215, 8.384338424455423, 10.339894125015395, 9.260794440630722, 26.358759021541946, 8.159338618644943, 9.49264790085257, 8.513788034958347, 4426.783022757784, 8.43793888227904, 9.920066188789846, 7.955215983918874, 7.53594118895547, 7.147541467095403, 5663.045557620252, 8.091470464472652, 8.41447591903668, 17.27525717584021, 7.228136973507297, 6.793762102003779, 7.94252650333165, 7.685090672088563, 7.117287845219161, 5650.154353490675, 6.814127137303911, 7.403273608875638, 17.94418224528648, 6.401189144197867, 6.075236474230173, 5.690278874980624, 20.91966211960759, 6.3491656191787715, 7.3759129358964595, 6.451306051994187, 6.437423022713055, 6.079051806139934, 7.447907774310939, 6.103999281605447, 5.997602005192075, 6.789840263332364, 4.562065614960586, 10.155603847995124, 5.452709912395881, 4.667856900197247, 9.136139728582835, 3.9461416368561855, 4.688054495486701, 3.041706808007581, 2.941394998784202, 3.5545508027238415, 3.703224954483544, 4.061954348622886, 3.449202986813076, 3.2102720968770506, 3.5481485544642144, 3.1419039018378876, 3.0617812440729635, 5.706301346076058, 3.0402433090938374, 2.718100355191208, 3.052476751427376, 3.533673654353316, 2.284580274734111, 2.103153997175628, 2.1704769597701166, 2.7567286571544782, 2.2118676079861213, 2.089941200899194, 2.9359968272332195, 1.9447788240233246, 3.612238521064407, 1.7818409841808889, 1.8845441112031034, 2.9598361450404873, 1.6630337661323276, 5.15479400913172, 1.8047216941888766, 1.7317725023266257, 8.42335990706522, 1.6858703557375778, 2.8414678430323015, 1.7045778255090536, 2.039398404440083, 1.4913152775556309, 2.223501750303326, 2.40514004705945, 1.298851875356557, 1.703676028166982, 1.270053505553297, 1.5586814682787427, 1.218265568587542, 1.1435047339730513, 0.9399868463411983, 2.955722584390646, 1.3075106343523037, 1.8219919249320418, 1.5779782126198068, 1.3058811992237158, 1.6730834578807352, 1.2495059704961595, 1.2016838939721972, 3.0975080235418337, 1.107825163292462, 0.8728227193811204, 2.2146171662847647, 1.1127410587465194, 1.4655594111997885, 1.140341254961479, 1.3391821134934596, 0.9854630432017922, 2.842296495473548, 1.2368023712895724, 1.7081097080594008, 1.1060433388455637, 2.0512309386341236, 0.976543739144212, 2.449433225305757, 1.000046318861166, 1.784891776758819, 1.0400183414948811, 1.383432518107251, 0.9230222174686054, 1.0633757062968192, 1.2429915945694467, 0.9450314511498344, 0.8236686512217868, 0.9069375333798657, 0.8479929794039727, 1.1942362187910323, 0.8543345999173706, 1.9683797935030354, 0.9551508526860241, 2.2982689937798138, 0.9053345025564309, 1.8530216846653138, 1.320668811931185, 0.9750612759541477, 0.9390248232601388, 0.8723032315059167, 0.9214679528844143, 1.6441525390616283, 1.9849541156637005, 0.9796937139865479, 1.1796135992963501, 0.8639639429518038, 2.1173779184576778, 0.8990842924625453, 0.7369857114471043, 0.953709466791039, 3.5631465325385805, 3.702200626255789, 0.8117610783031208, 1.2179949086850261, 1.2317340735192785, 1.3514164966218452, 1.1898535858159458, 1.2367334623926645, 0.8499350508546448, 1.1420668863056973, 1.5424823655708029, 1.4904958506737678, 1.4765032171349286, 0.9196758056986121, 5.696010608241589, 1.4997959589862127, 1.4614054052038288, 0.8031097817194599, 1.1432236393920445, 0.7653917548822933, 1.2067809281129698, 0.9639216376737672, 1.0007969612228267, 4.7340743835044234, 2.0292628418443113, 0.8760265038165477, 1.1334091390912948, 1.41053405711065, 0.873576314050872, 1.6058610665005641, 1.1081771109372507, 0.8641370652712334, 1.1219376967651191, 1.7135172574521407, 1.4515243018328192, 0.8912469802160884, 0.9304195021343513, 0.9803830572946134, 1.135924751269938, 0.5869345798192861, 0.7061704026719787, 0.7374765354163421, 1.0576710536676799, 0.8319746412355992, 0.9726664523831412, 1.1561615383149269, 1.2727557586228893, 0.8889329761856841, 1.493074208996062, 0.8972321536003116, 1.1281155660883968, 1.459488263560792, 0.9771124678247262, 0.6595311787940095, 0.9998496884171808, 1.1187489481073223, 1.2870372745781615, 6.127809622061667, 1.3264008266838176, 2.23907198660848, 0.9793211096948579, 0.7710997589432588, 4.500188517861589, 1.3446969859324849, 1.481810556410972, 1.4918775594057203, 1.9000520319210061, 0.8396791264203687, 0.8345311679517867, 0.8068913422507535, 0.6376982904312611, 1.2113705083509143, 0.6007757936495035, 0.9028661257739503, 0.8397467715757532, 1.241972492916659, 0.6736245907040324, 1.0483067907574863, 1.070519701187275, 1.787196997328734, 0.930573040155153, 1.3304369513812961, 0.7332109711075363, 1.2356709519883082, 0.6240118654446999, 1.2268152748244017, 0.795102468004579, 1.1722531331223736, 0.787378134532783, 1.179659474742831], "eval_mse": 0.7411658144593871}