{"theta": [[0.4067643355816985, 0.04364559130824913, 1.2926839009502413], [0.28836468686075856, 0.47597791322399163, 3.278797013735901], [-0.20998486078924666, 0.3978040989333803, -0.7658155813616524], [-0.7806454940575532, -0.29959137282833825, 4.5199061992149385], [0.6107286203931145, 0.2695610990810475, 1.8027918160884278], [-0.4006199449750048, 0.4541687893734531, -2.2860817864702914], [0.3324827749373941, -0.07561739139426182, 1.3057352694415982], [-0.5315036026329075, -0.27046384541860513, 0.3289312048375069]], "curve": [73.94214519897999, 18.02238432307811, 7.2714638669998735, 5.931891884887634, 6.250235577993478, 6.392040727115783, 5.879318770036809, 5.9704111143291785, 7.9046639981255185, 6.132204953565872, 6.986503222218802, 6.062094402938876, 6.849257055328874, 6.3070538081302, 6.211659920015625, 6.072487004926323, 5.864701979873407, 6.200460076549497, 10.187860171067832, 5.882139548512766, 6.930875583363154, 6.199630011727035, 5.658424708550948, 6.308028590333127, 6.267210922312747, 5597.046760399282, 5.6259779559761505, 6.142122645953583, 5.521605904292534, 5.867942993941105, 59.770927358706324, 5.820646779770501, 6.016837033003169, 14.099962642383572, 5.893585857776068, 6.377755934058378, 6.623271288588818, 6.408219275834471, 34.087621422215655, 6.403392800927062, 5.717671811989471, 13.136367591008142, 5.909063559443342, 6.152069483884006, 5.558046027071875, 5.4822160350030265, 6.809758274764644, 6.897978961161551, 6.121044569579367, 25.62041677267079, 5.470151746398991, 5.696986799854093, 123.14520741500361, 5.408806709939977, 5.737989353065849, 91.13673824064907, 5.988852913249479, 5.808256744356487, 6.047081145930796, 5.81843188289411, 14.56125841892228, 6.152816408858412, 14.101951386388944, 5.783595457068296, 5.998798352838117, 6.807290441614712, 5.479458576741467, 35.82732004506532, 5.892763378134018, 5.3434469439696874, 6.003405818917192, 6.114913660468516, 5.0526919602664675, 5.328224972353861, 5540.583840691533, 5.771261603273158, 5.98545349702318, 10.026382193788121, 5.138111740659936, 4.876934224151022, 4.350042678415822, 4.161223767058845, 5.700839348136921, 6.221496215218811, 4.275187763004409, 9.60391529555765, 4.94483808539503, 4.318901356140553, 5.85058553200685, 4.259733814025126, 4.08358892844783, 6.921194454817911, 4.2219264522098685, 7.8337325526586055, 4.0949384794126775, 4.077860924428633, 6.305577340893601, 3.5643499754397028, 14.56665373106325, 3.9803994551981714, 4.4881364027711905, 5.362629423164476, 4.1756188491545965, 6.451049794833633, 3.8424231766062844, 3.745164757674263, 4.742568645883941, 3.782316297522324, 3.814073187752562, 5.531797518284514, 3.7702730110830287, 5.151161713443737, 7.897358166041036, 4.87814658564981, 4.108768984768724, 4.630433210487837, 18.55243799952604, 4.024688225286169, 3.937876549109744, 5.402179905012864, 4.219542910678405, 3.385273960231635, 6.506709579056052, 3.3053086917135293, 4.427368778665479, 3.0885556108719094, 3.2030892040151855, 3.07842623143457, 2.9890769627653366, 3889.668252978346, 3.609301178797362, 3.8304800951453104, 6.232973195386545, 3.2320701044117435, 3.9105374356763094, 2.998290368795987, 3.440927290459652, 5292.779219523943, 3.3784911938234896, 3.7648787104738184, 2.9741537325446084, 3.086586883657116, 3.3757313637999418, 3.219689151769327, 2.9576060107649127, 4.089049423785462, 4.049979862588167, 3.291326926946297, 2.797389207978512, 4.208973063950023, 3.028227438090455, 5.5098831156163985, 3.357991114754306, 2.849086387355922, 2.727297164694402, 3.086846604157839, 4.323300346514775, 2.73936345047483, 3.41260492081974, 2.885468129245158, 2.5596240953182354, 3.3310778530439493, 2.556728971623645, 4.373348120669173, 2.595737659033286, 3.4886027877669963, 4.109111467966047, 2.5552981992781376, 3.8469315733754637, 19.85045228510802, 3.8596562715130847, 4.602396311579548, 8.686122532374542, 3.485612947439032, 4.967662161415348, 3.023615390833042, 5.284897352502908, 3.3681207895412673, 2.622762100299988, 2.695768651531782, 3.104122722179477, 4.957041555241853, 3.0669770140389314, 2.9052968721308443, 3.035276256518144, 2.7436338936100877, 3.122300136087001, 3.1238006043961515, 2.7813102403321808, 3.3649227372873733, 2.8653693558245434, 2.745612609559639, 3.0470917227624503, 7.418463443819856, 2.7063480498785446, 2.891364487707287, 3.186163802259144, 3.2169289074630196, 5.165284540150638, 3.0399845453616803, 18.40563968859882, 3.0012858066053987, 2.697031950412963, 3.71816555377033, 2.646759793653526, 5.311424341221228, 3.291402516637897, 3.0463911025890273, 4.305069096537938, 2.8053716389485484, 2.6916988339467216, 2.8373703166261293, 8.348365790574128, 2.848215045686364, 2.606499922936444, 9.449156610261527, 2.586921865089052, 2.562237294639074, 6.448501119294075, 2.4775897500121453, 2.4943260089694297, 8.738744194513435, 2.7672543845376394, 2.841005226655082, 9.495676255155075, 2.9117927223110507, 3.343113208578911, 2.6442069732298936, 3.6937648917784336, 4.465280383606202, 2.641271468315561, 2.53537919568378, 3.6658376439202094, 2.6343682186080226, 2.568607894946343, 3.207899831743385, 4.211095131047257, 2.4569995483906455, 2.558618178083962, 2.8018127736636353, 5.037053512706704, 2.723659170913489, 5363.234400051025, 2.5893519870759834, 2.2977997424264185, 3.634659110694868, 4.6774720145509745, 2.8334111360510934, 3.3461853673203232, 2.793411504641811, 3.5047806239285406, 2.5249715521051614, 5.4299220013021685, 2.5571345797771023, 3.252335835164476, 3.007034430855278, 2.4516380876292088, 3.616493807746643, 2.499241498952894, 2.6043041454782583, 4.168841978806113, 2.7028235413006083, 2.8624908453886535, 4.487652889477687, 2.5089663547734387, 2.4704417958743847, 4.041481873033635, 2.3917153808700498, 2.448699327860147, 3.3610950255641, 2.230851203697183, 5.164028124649692, 2.2870758371762303, 14.060662434859342, 2.402496715348753, 2.3793441412855647, 2.88775366660554, 6.410349455712096, 3.5604412845302447, 3.5779581075528926, 5.267857090057644, 3.2541942106419923, 3.1708243976583232, 2.9895783066824264, 5.135057630513163, 2.769313580805951, 2.56824516605468, 9.389221785092737, 2.964083441872741, 3.811902584558321, 5.318940123629451, 3.4491740092354872, 2.58510134375644, 4.60328841684453, 2.0911331596944174, 2.212424648124769, 5438.792064635918, 2.473293027421795, 2.36936251677626, 12.161535110654464], "eval_mse": 2.7959135069525503}