{"theta": [[-0.36542189583486917, -0.13439250531684235, 1.0260173334605303], [-0.33240450737054683, -0.3302652179906941, -0.2985706800073305], [-0.31718506248059936, 0.059492410145197294, -1.2010689304851678], [0.38863048750353746, 0.2676342107717925, -2.530874195570253], [-0.2915492103289187, 0.06248157096117185, 6.749885930025963], [-0.14585323790164456, -0.5233924825384185, -2.814635510404135], [0.12937647986153877, -0.38225712073325513, -0.8507901008582737], [-0.3243663818952852, -0.019200225924295322, -1.8080758384891282]], "curve": [139.3347112958332, 27.34081933818474, 10.49221704315423, 5559.578579188402, 8.797366223979544, 10.172527773647577, 23.47922641685599, 8.647413768487269, 10.350200985536024, 93.42021994593104, 9.848563311924917, 9.925061242133953, 4626.966306628199, 9.1745757170823, 11.655395015808933, 9.652945165933508, 4397.21724771873, 9.801346792838332, 9.292670062050881, 5762.745893105259, 10.33494891279364, 9.725883849771156, 5179.2208546936945, 9.387332621975611, 5016.8586066517855, 9.851057834181095, 5722.467177013714, 8.524944930818188, 9.277667136550486, 10.671647979586265, 8.973510513750938, 5920.3781227518875, 9.731190949666548, 10.721064733837368, 11.434274499446737, 10.492521241823777, 11.383784382120824, 13.64697648263989, 8.898741174904538, 17.683144725258014, 8.190151934501403, 10.009942260894809, 78.21991825396641, 8.14022583926641, 8.81045958771627, 9.672165476560881, 9.73439875166666, 5325.939622441538, 9.845934807540571, 10.996241539887382, 8.998088395420018, 9.34377159748331, 10.075072462554525, 5256.085447332423, 9.225738547266399, 11.435423956926044, 9.073638963494332, 10.461852761576184, 8.345657712637797, 8.649446328400453, 4969.582164429421, 10.03210542531343, 17.32974669716571, 8.16954020936934, 9.413549879300675, 9.100349969775895, 5192.497581484307, 8.145132668818547, 6.905991841929308, 22.77560598420977, 7.6125225821525, 8.183280107756723, 10.520460146630324, 8.216586059802088, 5673.387240474786, 7.5424258827177395, 4861.840964408121, 8.193989656296287, 32.071591522940324, 7.639992410514679, 8.1277569906483, 10.930086278015082, 10.167681821104383, 10.73489879175767, 9.99249850303, 9.925194065568741, 9.426452512447462, 5581.39394903219, 8.684083133309187, 10.186217212356182, 8.415884022489644, 8.069374241892927, 8.990062286104756, 10.451943846798082, 8.293607601526038, 8.46244089903316, 20.6354261409809, 8.097468896000608, 7.858659552316609, 9.75477083586512, 6.522707018451501, 8.250250245786987, 6.8014401729601355, 8.22343391861419, 5.257398228279039, 5.538840000880692, 5.203644085092018, 4.882344900659361, 3.460246430296106, 4.367645836570955, 4.9128168918873305, 4.086642483537037, 4.101278899966176, 3.307302588498319, 3.8775049753773922, 4.491605271082308, 2.902883439551421, 4.064760361992321, 2.6163755180851327, 6.173224599128748, 2.6286874357656056, 3.3105488889071473, 2.904315970704642, 2.74151561042431, 4.523185942183555, 2.3500434912944614, 1.953093180942796, 3.780723375179608, 2.073366809080359, 4.950632794540891, 2.3736787078155124, 2.58018989137978, 3.6687032506261548, 1.80620027557737, 3.470792043441988, 1.7717159974858243, 1.7779639062502908, 2.541266948382294, 2.0095735161832393, 1.665452775007931, 3.326577236288293, 1.575808169953099, 3.2314943105606004, 1.5685312298116174, 2.078529014078676, 2.7126290480298696, 1.8123962340039212, 2.3697616068763105, 1.710935107654082, 1.9099801667387986, 2.290327360813199, 1.529681689713977, 1.5928626712209062, 1.5851376959186785, 1.411491312395798, 3.284189019423335, 1.8732551739699537, 1.4044525484851216, 1.3289489591029335, 2.062072711187789, 1.377071784360182, 1.7560591457692372, 1.2744147138238813, 2.1056884337543442, 1.5554516674389687, 1.8849978617260301, 2.20274887083938, 2.267937550855527, 3.0771012007851786, 2.2530234959177515, 2.5592984708209094, 2.5675612269810957, 3.0270485053128353, 3.5131974759246223, 1.8220456665902975, 2.4000066445008965, 1.7464487253933758, 1.5869724805961603, 1.9256325192239578, 2.0180615311547445, 1.8578717099225277, 1.4755883273162853, 2.0106308359869605, 1.3596697579844992, 1.6343416088023457, 1.303490503904254, 1.7233991292266015, 1.625006460869255, 1.299500995256994, 1.4976483965930996, 1.4568424071950932, 2.20596926224147, 1.254551344671067, 1.5004781035046157, 1.049149717110829, 1.059151608136029, 1.234171756957489, 1.303622811866339, 1.4032988811382243, 1.6506519163726099, 1.4267156156096366, 2.9853379182823385, 1.2005435592321034, 1.6851693819011297, 1.107935814724255, 1.6333974925436265, 1.746488835538219, 1.1014982220638263, 1.4096597903666972, 1.08284510404837, 1.577421428209257, 1.1608227477768562, 1.6625531997674423, 1.3801627955995752, 1.9571481572019598, 1.5288207189653649, 2.189683530889445, 1.0033319284077316, 2.171058850328981, 0.9907757769862909, 1.0712331121870322, 1.1538647760091594, 1.04637168714641, 1.2575780986553855, 1.257747500312102, 1.3537130026099813, 0.7316315207713938, 0.7976317247115304, 5.578794982877219, 1.0957303154011047, 0.8929604160828867, 1.507153287099421, 0.942409984922427, 0.8574517940692119, 1.789921036943885, 1.2722176015751072, 2.903661629350854, 1.81245785717927, 1.1722045185134053, 1.122988106759856, 1.411252993831083, 1.0967313725051628, 0.61151059492362, 0.9364351725490666, 1.5113121203344992, 0.9172468096156015, 1.779439569553315, 0.912493635720816, 1.638958435704735, 0.630099654772511, 0.6753107821446616, 11.455095096586103, 2.220826907865869, 1.3257083325108818, 0.695905802002915, 1.2202925631207566, 0.6330147549429072, 0.9622149778088323, 1.0441005638588035, 1.0677726456610712, 0.7902497418480802, 1.4008174227508126, 1.1450663303931048, 1.9141434693253994, 1.033096595248777, 1.9051351603278028, 1.074771698968681, 0.9147372218580615, 0.7425346732610938, 2.603360799214053, 1.0961970994163506, 2.098726387916205, 0.8757083308046174, 0.6253963618692301, 0.5678727150979219, 1.7227224969141361, 0.974766442756718, 0.93569091486625, 3.2818780479241556, 1.290182658495373, 1.1527858837094664, 1.9817021993585215, 2.167914739874495, 2.5838828806737624, 1.1595528689703511, 1.9689739751581712, 0.6364722329799963, 2.012769358690926, 0.7364175001058116, 1.2309834830143385, 0.8387898272303635, 1.8161442880720213, 1.0332199745413146, 0.7800953402524282, 1.8421159670347633, 0.6660504402154009, 0.5634787412408309, 0.8817871728220262, 1.0171342098928366, 0.6791393035871258], "eval_mse": 16.367390042355925}