{"theta": [[0.14213067396159523, 0.28352759910084985, -0.9486440967603267], [-0.7428020882031647, 0.21130548853523135, -0.9541054831879502], [-0.2683512689537958, -0.3402809401515579, -1.7589113605385753], [0.2096160567403839, -0.6961874388074947, 4.533768416574353], [-0.902901769309562, -0.28155438376768643, -0.2949597385261752], [0.3650223198149647, -0.292458464771728, -1.0599101698265117], [-0.26193279637527084, -0.1260760196690551, 1.459729622294815], [0.8048612592698811, 0.22008752344444277, 1.9232282040091573]], "curve": [63.72310975323426, 12.198809725721087, 6.098523109401255, 5561.348300095721, 5.272832705613365, 5.721139806477297, 8.320596037011805, 5.483327431643454, 16.761034076249764, 5.7190201680374715, 6.044110849024152, 6.841638744605877, 6.01086250027703, 8.569762041793595, 5.83177970776566, 5338.364343720528, 5.7094297925961985, 6.000093108277081, 5.708749920696686, 6.91459234879442, 7.496770960682347, 5.671039818489921, 5.618697497322396, 5.67581979705474, 24.230474384259914, 5.999010265034566, 6.082173505185831, 4873.105861677192, 6.056157789155926, 7.266281899028294, 5.7746407079061015, 22.900926343470555, 5.716281325091144, 6.203654311896568, 6.458422636456995, 6.269420648571112, 6.510161220860099, 87.5544250172098, 6.783031463644164, 6.281347975689012, 6.044453184179769, 30.386306047692, 6.877621348332601, 6.4991571830095785, 6.4015968259622715, 8.619484881442805, 6.485635291028844, 11.022642831711863, 5.9998134439945785, 5.601281146516266, 58.420559232154226, 5.49541955615327, 5.632633578140337, 35.48674456038201, 5.549454322877314, 5.417336417340159, 33.495442640147616, 5.526110599859932, 5.6190429378680085, 7.065681622644449, 5.365096929970074, 6.065672380440546, 5.428206867560006, 5.207619584972558, 6.537863933496274, 7.557169251264087, 5.43504323024323, 5242.902018614632, 5.2492456455139616, 6.5235201007478345, 5.719275565030277, 6.209381662538801, 6.12080137929149, 5.057907525032504, 5.076183755555626, 11.334281288129707, 5.586447955730288, 5.150094948720263, 4213.75476692992, 5.15649791076949, 5.211989574246423, 5541.302405226665, 5.425256371680518, 5.888278376116505, 5.655114376400398, 5.351122892548864, 5.0179717157572545, 12.812087353539338, 5.237362604528232, 4.850072578427788, 4.7002951848636405, 20.117178487216915, 4.965122647851874, 5.328182313647844, 6.073411559495261, 4.739356816851533, 10.786535237493672, 4.935205681810467, 4.981921948151613, 4.648615572550136, 4.285274733673566, 4.19647039853638, 7.369821585977991, 4.09652336742112, 4.523858993584002, 4.298376123375892, 7.631985757273307, 3.9348906944648103, 4.0026086628836355, 5.5516709547332335, 3.8119415649325563, 3.861159085886379, 37.539222866298466, 4.400506907856157, 3.4775217107245893, 15.20915578345679, 3.087805541578104, 4.429703124703909, 3.3517793056610548, 3.515556360620918, 4.969430407825047, 3.4291066462959527, 3.562883999689512, 3.9842906977248314, 3.7276744031514597, 3.5009520157113707, 3.340010157560547, 4.483920573450773, 3.5308926869904016, 5.235585680853295, 5.652438945335382, 3.475804499934592, 2.939783170018101, 3.742190711645951, 2.981086920484123, 3.1396087446000127, 9.750867862817213, 2.985865438995788, 3.4853711936032163, 2.736485232414253, 2.858569512987453, 3.7443048037009086, 2.8689169650827755, 5.981337009711312, 2.7972623408443864, 6.571278284652048, 2.6569223062534033, 2.740046552864486, 3.311319601350193, 2.641346425703252, 3.3223229810505353, 3.141481533539624, 2.573922324651391, 4.015436523130959, 4.962842174233008, 3.494890422855381, 2.613150521075524, 6.501101450645674, 2.642976637224674, 6.2388752438290815, 2.919608003667638, 2.662620854105405, 2.8210920865974773, 3.8996417516574846, 2.739538021842578, 3.67884047970433, 3.3568473078682124, 2.9764849621874094, 7.1754906256607125, 2.814887256048741, 4.498293103440225, 2.802769424704037, 2.8087464946583647, 4.530685950378261, 2.658025821815639, 5.51427034361588, 4.011688633530274, 2.7805299241639356, 6.534783830512481, 2.6407365262988884, 3.873811182232865, 2.592962722768227, 2.9924601143033986, 2.6692091066779393, 2.735298452565174, 4.447711914343845, 2.545663921153315, 2.4920423956331703, 5.819753472403661, 2.825398385245424, 4.200113294143357, 3.7370238579278983, 3.3052885242908228, 2.6728760836659062, 4.6238123379799205, 2.7748381713719668, 3.743659655662242, 2.6428214276668722, 3.210814915786877, 3.3065086593026822, 2.9531415106709105, 2.5565442073677405, 3.1052758136195404, 3.2936573117287407, 2.8868361680351566, 3.217137932003274, 3.0101331419807886, 3.8529937427137773, 4.035549087066599, 3.746244041109402, 4.681616584779497, 2.802082616632431, 2.7935432510471734, 5.098342109805117, 3.0233319019222225, 3.3238569646757683, 9.50128901133643, 3.1925311391682833, 3.8337114525420564, 6.286420298336073, 3.9114642872509173, 3.4731638780293874, 4.189207942577035, 3.109128004779605, 6.032298034827045, 4.612491824963959, 3.9286720536606863, 3.218062016480437, 3.176831799615722, 27.340906527760367, 2.925186955739463, 3.305062371366137, 4.598964046455986, 2.8982919871717114, 2.8078796476263173, 3.1440219895795325, 3.338833044919449, 4.223932631147517, 2.9206393802930215, 3.280021245528938, 5.23899857886051, 3.049217762264223, 4.060669074735766, 3.331071180272834, 2.875624972315456, 2295.9084620192816, 2.865594152758923, 3.2235919535822015, 4.390504435741545, 2.9926688453790726, 17.38795125024628, 2.8629559235351896, 3.99421776564089, 4.765447342616585, 3.486030881860191, 3.8113105828342295, 4.560020240831887, 3.673934724822137, 5.311758001412552, 3.0363131156360876, 3.9036149324066716, 2.646711566560748, 3.178000069390321, 2.873619892033951, 9.935694090394213, 2.553033228286106, 2.6787296008988455, 4.782119785419872, 2.5760073585900596, 9.635282168510972, 2.459850548425387, 3.0584854010433324, 3.810077835411556, 2.8634563993718, 2.584653250947592, 3.381992381314248, 2.831967068316149, 2.7614540543733312, 47.874701697733705, 3.3871321618581702, 2.782050471512265, 2.976418283441969, 3.1430212184012922, 10.34725409378743, 2.5686631157758604, 3.591759805855292, 6.0650131383531924, 2.7153405822037837, 3.997546202788154, 3.1336767359061706, 2.9432177428463593, 4.817170065399586, 3.0490604436297124, 4.724494253945371, 2.4586113605254494, 3.960876083445743, 2.696284948079954, 3.4509130940605766, 3.2832964889553438, 2.9939719745347344], "eval_mse": 9.964077549322877}