{"theta": [[0.6327912188459637, -0.06191307887340211, 1.8201436213178541]], "curve": [18.759953391054676, 5.40149539802469, 6.62800900057001, 6.067830058771068, 5.859307570998822, 17.81890535070123, 6.043839045865548, 6276.583801145114, 6.634146514887875, 5441.100639433712, 6.108684233920724, 6690.309815575679, 5.810735317912884, 11.125499019203643, 6.064670316884046, 12.866257547710854, 5.887894972147147, 12.306272075181313, 5.959925616236316, 19.72559158499021, 5.961962520745071, 13.626985381269016, 8.259220033422883, 5.553888943126204, 9.015463502716113, 6.261400372433233, 6347.3709609369, 5.572663258187349, 7.08173889989158, 20.582358248152648, 6.009151102381317, 6.268092825536476, 6.5834985835358735, 5954.283481213533, 6.188099893351244, 6395.62888307981, 5.645379044995487, 6799.655045783365, 5.151740717088436, 5.869031558665338, 6386.207460734067, 5.443035863814269, 8.163654914526752, 9.778942497758486, 6.46192342758486, 17.997899680107306, 5.539037992141099, 6658.2180924044405, 5.861338080582711, 5.331989229451865, 6522.905368082112, 5.188811781643853, 6.790597066298384, 6245.599750250984, 6.314580954052231, 6010.441343480347, 5.305270870925141, 6209.641552678491, 5.614411331401508, 6154.236922766561, 5.662525104936057, 6817.440853126699, 5.292210206630272, 9.864195856527715, 5.743048726744, 5.710200766240932, 5977.96200057312, 6.574797626873938, 6032.000363822368, 9.697627745896186, 5395.5635268666, 11.116087926696633, 5.655535833121296, 6.430342346111379, 28.775541143909464, 5.737842017245034, 6535.344070613949, 5.694122556799356, 6455.423066766817, 5.51030286331945, 6.294590015312183, 6041.797386299857, 9.369166689368523, 6.3290141916992795, 8.6499029645619, 5.082266357238261, 16.587012036447916, 5.557830985944087, 7.195657259120372, 6.242705458536121, 6.120981104123552, 5082.881063327632, 6.231542004148416, 5653.292414778324, 5.408453812768967, 7002.497290200579, 6070.752674866688, 5.224068033977059, 5.578141126218762, 6.371882830040933, 5990.166995254031, 5.896746525379716, 6390.835828345261, 4.9442945075889755, 6575.145065162782, 4.482930771538998, 5.464745605380806, 3673.1612802643267, 3.9548890307182964, 6527.597247919272, 4.37553143184035, 6062.9196168994085, 4.240884542582463, 5559.781915456664, 16.106080975850695, 5.709887852732471, 9.614897003242564, 4.710298736432878, 5.306090754346272, 5869.0920772530835, 4.906877691105994, 5978.439072171126, 4.417147569599181, 6125.277055915722, 4.546282514387345, 6531.0520667790315, 5.5298593818507635, 8.57045096053675, 4.770718531551614, 11.694495975844792, 5.785782654485363, 9.324737060960231, 4.632513259395433, 6.974971913788712, 4.758270980313384, 4.560381909792957, 5984.752920443371, 5.010540716422819, 10.172887462150548, 4.431681656916978, 5899.746595802304, 4.768240111722721, 5.0173864717959935, 6172.160708603894, 5.267545104857649, 6.270087221411893, 6.546396424859227, 6.322080067282086, 7.42002416952404, 6.513387038943553, 6.8331838855139075, 4.721767598468986, 6072.988017170531, 5.1709279372352634, 6856.523781970229, 8.083747581756027, 5.085630176380451, 6363.357776653247, 5.4003122973291315, 6.3847356217021805, 13.206086246060352, 5.480449328132854, 6681.064323479064, 5.318324738550056, 6218.935835009606, 5.61569707631573, 6701.175610621455, 5.852536217032236, 4.78382256120022, 6368.440091906392, 5.886385436881073, 5.126101012977366, 10.34638260990349, 4.147338113839475, 5653.352106950617, 4.176196933399753, 6498.150226652376, 4.133755880055416, 16.3779977798928, 3.701719484911377, 87.84547682710732, 3.746871383548942, 3.5601872707760074, 5641.807741550024, 4.856803035810173, 10.3466516271318, 5.281058860386697, 3.362062852643832, 4.998374200715574, 6047.263420232256, 3.247192470358471, 4.74753938060528, 4.912065296495454, 16.11109176376992, 5.2629481180081825, 6334.425792568338, 4.289836649030406, 3.0224191751815668, 3.8548852259297828, 5.551274244492796, 4.122365238027776, 5969.2946580367325, 4.48812767432638, 6137.3451123238565, 3.159815522514256, 4.022973996058431, 5420.195829470016, 6.380162365555846, 5.773406620040317, 4.7051048092914485, 4873.069210273042, 2.7927678068936634, 4.362564091613409, 4120.828550670622, 2.779023275088109, 2.5802114426641216, 5.192227592917422, 5790.451475172644, 3.9284992474575438, 5.972318016214696, 6.689846865491934, 4.735544152803137, 3.272476426397397, 6432.836867032707, 2.1832618376925548, 4.435980410008003, 6596.87047985469, 5.75291993756861, 2.2639175496508135, 2.5360389496989244, 6.008600356102469, 4.040960243688719, 2.6501184202575567, 6118.888603267263, 1.973009094549551, 6238.193444941521, 3.9690324646432766, 5.67930058621027, 2.9514740177658476, 3.3225304577540844, 5.282931360344426, 2.232258677872911, 2.003724762162312, 3.1330681780308702, 2.054886853573356, 3.5682642417071153, 3.1816501897824017, 3.127138774805671, 5.01590493828919, 4.445253851618708, 1.9436421893462794, 6386.657120863191, 4.3081343715635265, 3.323596637865826, 3.0331380138388946, 2.202695009568546, 5833.19636378076, 3.6198178052847054, 6.056681855110658, 5322.5953635717715, 2.183327437433655, 2.1863845508777153, 5.814307898026184, 6118.90211927752, 4.2366661387552185, 4.4524440669139445, 2.453568752380825, 11.627730933678041, 3.146725363614127, 5729.609598942242, 4.279884441668339, 5868.690407590303, 4.240948249843128, 3.7551477227996903, 3.611026621397032, 3.1790697857010017, 2.8790390574130393, 6466.396060299154, 2.9322936741297454, 3.343665247474578, 4.598360283094505, 5903.784773472583, 3.4748424711996293, 5896.167896967176, 4.606397972918096, 4.198286531629598, 5875.695211845946, 3.5378686925895324, 17.085818655337086, 3.7429852212447563, 1735.8140034726223, 4.658972591961591, 6448.597853036373, 4.882578592354598, 4.905971932965486, 6054.260744508339, 5.841609094828709, 5230.326940121906, 3.9274088959302977, 6466.315413069365], "eval_mse": 6.440967962513718}