{"theta": [[0.5420503205425915, -0.1510862832259628, 3.2202685632049177]], "curve": [31.477895108760418, 5.550588395544352, 6.004822664650003, 6662.805089842342, 5.538781373792534, 21.47324969381009, 5.60861289709728, 15.029062217040982, 5.908658559062853, 7.060396770552138, 9.602197376003051, 5.771590237597883, 6258.143129983884, 5.9231402106251725, 5953.057784766699, 6.028756142653333, 6680.757111665871, 6.09239028524926, 6.669886315559957, 6093.427284721351, 6.233363660987168, 6893.749394524717, 6210.729929940178, 5.834136539318042, 6811.64060875972, 5.465266795001151, 6372.4832924258, 7.070220216459528, 4732.389161136396, 6.288094477184246, 6323.193875767015, 5.9708570216920585, 5650.319782395338, 14.755457632783576, 5.7893406114354065, 6.528585426836387, 6.3409788724379545, 8.829502549185422, 6073.647715865773, 6.071237039052209, 5956.572108202136, 5.56274567224698, 7.680076797875332, 6.033145609555959, 14.541459618055754, 5.440977244949103, 8.555818902505981, 5.73239659041834, 16.827244464217753, 5.726356668159429, 7.379576866160598, 5.975149247597919, 5.726417482697004, 8.088748843196347, 12.301047028801536, 5.292681545571497, 6093.853135988718, 5.040037289334058, 6285.545122544655, 5.506211931539947, 6094.722027843115, 5.0847284158851425, 4.952220545569152, 7000.984224938963, 5.192471176814331, 7.182572056126291, 13.611279369190713, 5.610646591900458, 6157.586162668692, 4.654537877239212, 6898.46052835697, 4.419497618317436, 6.304926049987578, 5877.347321855014, 4.935802438266352, 6608.544388945327, 4.795433070534083, 5.785469661822098, 10.730937690133164, 5.232806022178776, 6730.767241351769, 4.6938646936769635, 37.73569348871008, 4.79076247633669, 7054.005479409702, 6.251813399657272, 7.401649190348143, 5878.98580882127, 4.724470779697751, 5791.859617880252, 4.861210194563227, 6379.315337039822, 5.802824918815956, 5774.412102168125, 4.690949915412167, 6632.206265108098, 5.331787082771428, 4.832794670439399, 6563.514841563378, 4.064404126714061, 5.086871260606625, 5.838418429896543, 5.42618758706884, 6969.5759361271375, 4.594028959276522, 5.698995354553955, 7.938375841961782, 5.4130547297653315, 6370.504069164829, 5.078001001846014, 7.72879426952496, 5499.521710750093, 4.995608722102509, 6107.238510787266, 4.3472629641679985, 4.757436191157142, 5916.64298385978, 6.692321176540787, 6245.309944481619, 4.144308081186283, 8.398523159340124, 4.210320743220247, 5.1358412923175525, 6129.630639360947, 6.068278763416313, 5930.385998095833, 3.658809154684716, 6.343786886011618, 6071.594468185638, 3.897480466752874, 6.268127494132122, 5723.0676784830375, 6.139731979150245, 8.735553668682861, 3.255456059750195, 6.136133419160908, 9.170800227231197, 3.588531183775855, 8.678642523202102, 3.772756215365551, 6.964776883226028, 3.177779106001624, 6710.802037485384, 4.315632583530317, 3.4031689431202494, 19.502731185657698, 3.4422679321178036, 5878.615413313782, 3.615644647021159, 15.210574164820143, 3.3049237969060283, 9.484361756425105, 3.3432395845786673, 5.51836454604936, 5712.760936782116, 2.976960451875334, 5784.051100757033, 3.9264031183369963, 6.240698964705391, 11.870774243778403, 4.995865831336966, 5934.88602428845, 3.271936567212831, 5422.465944754974, 3.53066593278915, 5848.198305106312, 3.1839334445889826, 3.9626974110267392, 5799.830251734591, 6.118048007885148, 4.984231071136197, 4.834028000536582, 4.469547115011745, 2.6489865268626307, 5716.984486821876, 4.29549800526477, 20.880759865625777, 2.785997641388505, 3.5948473789605435, 5863.621473087268, 2.335722310921949, 5626.815619368822, 3.602470016799965, 6091.9938072092355, 6.31830597927045, 4985.900072536644, 2.2677312731522896, 2.548154286640911, 5912.7454783939, 2.937735958979404, 6667.4651937379185, 6046.676135672088, 3.2468478361209976, 6.769206779398991, 2.697588733804333, 6504.198228309904, 2.391538138912053, 3.2739578579324387, 6746.964190173861, 2.765706532599895, 5.804619860011341, 3.2278077321511107, 4.4796333239825215, 3.841916102459123, 3.3948037464693073, 6495.178183282538, 2.4637576333692888, 3.38019398289654, 6015.426138551954, 3.73694384097904, 2.5110258775104812, 6702.449248693078, 3.490938011189923, 8.085704543641393, 2.431795548596833, 3.08232107583497, 32.58809816504194, 2.9063639498412357, 5984.9874807814995, 2.1537128511154613, 8.07078064474295, 2.2475052945100846, 5943.966952557113, 4.260711651598908, 5580.496200892966, 7.844515543357076, 4548.78224153707, 5.426307352163717, 5760.923683471785, 2.4037619953582143, 6175.732305169521, 2.6778367485350647, 3.2059693158533227, 3.666436343590689, 4.786849480579126, 10.66681305295798, 4.186080305424829, 3.1713890797858473, 2.529761050784574, 4.06711718344627, 6164.100757696093, 3.125923148912611, 5.575243723551554, 3.153743138211648, 1.8479145281776583, 6.883386627219276, 4.867561235539533, 4.763863259812385, 6049.757769204601, 2.725360455575846, 5866.140242909298, 3.780925714665053, 3.9056993137286953, 6.341760149767701, 3.9501730941221997, 3.201400850015889, 2.254597614848263, 7.930476095814454, 1.670584400475111, 5834.954713300561, 2.618794223431453, 5417.229810766845, 3.1693398098908787, 11.30901236866585, 2.097290745599024, 5108.383833239968, 2.915255011240121, 1.9310497190663976, 4.054474961302229, 3.046305135791241, 2.0723196459133395, 5789.977766543813, 2.3039370645305812, 6264.093476572015, 3.8476997439306837, 2.544208221739826, 4.6273513603632574, 4.009586059046872, 5.440833813092612, 2.2489079808424184, 5.363331609505943, 5.741850090810435, 7.1579770325405905, 5.003784391352663, 9.194460670191514, 4.537330398451856, 2.0163166812738185, 6868.383633311174, 2.8983137378105317, 3.4936493995616624, 5633.143181741393, 2.957871788003382, 4240.279455090694, 3.977620726671415, 2.741267150803703, 2.191157473310142, 6119.0074008426045, 1.9998017244604853, 5575.563445388733, 5.923761028518783], "eval_mse": 2.779244403112402}