{"theta": [[0.3001525820147896, -0.07425620971929281, 2.1513721549720404]], "curve": [37.0062266857238, 5.545606098269989, 6745.069677392671, 5.522672188902464, 8.363666088303312, 5.606704827899641, 10.209678531957477, 5.499486066907173, 9.431264403803581, 6110.432787590441, 5.8264461140076085, 5966.0736885353035, 5.476548802358985, 6773.621687419088, 7.5221007908027095, 5.961464731092782, 6783.684876790716, 6.081210435307072, 6.043596970418408, 11.238891112017695, 27.115585115234744, 5.671995376978768, 5.571662724956176, 11.596353446799078, 5.937787141995899, 12.436263911698488, 5.71717534473198, 13.311286704817105, 5.403211169211421, 20.548540335990563, 5.631744798631678, 19.76651740583449, 5.684449611151356, 9.048844847243135, 5.815446242427309, 16.43583258261127, 5.814520508678788, 15.611095594801577, 5.402968952319124, 7.319528917275245, 6550.270332629139, 5.569882170223909, 7125.859069143492, 5.224064517355962, 11.78300445393901, 5.708703976543671, 10.81509084428686, 6.545992202585534, 5.924907614618326, 6436.559083436036, 5.284495902016861, 6882.6055666917855, 6.2064687293088605, 13.324530765100853, 5.962817682511624, 8.818756684224129, 42.110799442474296, 5.454149113668007, 5.715344115260626, 6.6882238289597735, 6700.294770845489, 6.245692680898145, 6.30038843681959, 5161.888611207564, 7.21801042859824, 10.383924224340054, 5.650243091695119, 6868.321219908079, 6.748522350900482, 5.670353697678455, 6664.533621602619, 5.472240041745333, 7.1125379261488355, 5943.976858946744, 7.076902570602718, 5670.384258436882, 6.193563361823062, 6228.43868311352, 5.892014159922754, 5739.983741232554, 6.929567060445327, 6045.880398677261, 6.1509463387182315, 6854.536555602902, 6.008499155016807, 6.847571688579903, 5665.835129014349, 5.749025435068333, 6435.068963418097, 5.3421741135903105, 8.903909024963134, 15.697282586263498, 5.80169446339379, 5.70055615916006, 6372.210836741315, 5.6941965666415655, 6294.542704574977, 5.437988658182797, 11.301460865507128, 5.600901067291953, 5925.869587805672, 5.065279538471682, 7.879370827134727, 5862.863112509253, 5.117258354602219, 6676.625954369442, 5.311084180283572, 5.424965288064345, 9.378322504059682, 5.654026139832154, 6394.936964851018, 4.742430416398779, 4.489139214894137, 6982.167850725286, 4.101918428647129, 7.621500667756119, 6098.635992539631, 4.043434061504595, 6011.183854019557, 5.2540442563022465, 5609.0398608365695, 3.5008964842897554, 5541.540307715414, 4.2185230722963185, 6043.604556552488, 3.644005310580614, 6720.111317894704, 3.326092967239761, 5.624652238061548, 5974.491267068344, 3.6448147034856024, 6278.628337958672, 3.23598941301173, 3.331942773238013, 6029.8553842469655, 3.594200493227316, 3.490960434604446, 6.97130786361622, 6.6796692144625975, 4.024438221919146, 7040.720523566926, 5.222146499729228, 3.1887516467718333, 8.861381224844779, 3.0230348470353423, 3.094041539553248, 36.90307004211719, 6.918162222212379, 4.753491508420945, 4.527119831553636, 4.634626460269202, 4.8160946473564135, 3.8522174110714023, 6.354025763946978, 5.9588060230039375, 3.1505392479083714, 4.557765693382466, 6081.57954783707, 11.64576645874047, 3.533725533212565, 5.563100594458079, 7.616985617084257, 4.450964114697329, 4134.990832866109, 3.3065519901903873, 3.9026442123227607, 3.2971869322727274, 4.414258061472194, 2.877242019678765, 5890.779769790391, 3.2883344581723293, 5557.691628331122, 6.3024893241167534, 5454.105265412113, 5.286575468189663, 5945.692509967673, 3.827631414854839, 6625.809147717434, 5.884116165867363, 3.2685518619482936, 6446.835753668662, 2.465302783878436, 9.306013384507303, 2.4999027927903468, 2.470284673964809, 6462.949049758331, 2.590717665657332, 8.40267114885424, 5.017643814963593, 2.814846513132596, 6572.41497119621, 3.72365462330753, 16.24709532686715, 5.5169380718492365, 3.8683238236904134, 5669.659232542848, 3.4185403689044525, 6354.705077043495, 3.2793689340553973, 10.481036969841814, 7.620323818969535, 4.503611741054652, 4.958726722426057, 16.575279434305035, 3.9777895744055525, 3.5529658545072955, 4.71648666467536, 5.536471649705197, 3.363752194806276, 5997.595018360586, 3.106064720909834, 6797.2452476959925, 3.1184205706235115, 11.616538889605078, 3.5180712475110414, 4.698793965582168, 4.3277848491772675, 6.857698486808829, 5556.932901696353, 2.967230387043525, 5611.851552941456, 9.951650086995944, 5.093279593745032, 8.080792277327443, 4.438714509401784, 4.97024219158441, 7.627076289068759, 3.2378083607884562, 3.745846071528727, 4.675447189008633, 5938.758779376304, 2.7887079200244433, 4.902442378278276, 6356.844855873818, 3.93938026378724, 5546.082459851515, 5.688551732829908, 3.6273588459220965, 3.503830956670355, 6475.3401339814345, 3.252433626975722, 6.024913930391179, 4.057990006258488, 11.211484566509293, 4.31244882270787, 6.9001464189725095, 32.09245056309902, 4.400080865968575, 6203.652765898191, 5.086347559583177, 6472.989790190137, 5.31132801222855, 5959.345278444041, 3.052393233588576, 5840.8437262689085, 3.819965855352312, 5091.611375267048, 4.766343309390509, 5801.079888552843, 2.7003316839360934, 6655.582475519504, 3.772911515530881, 4.618003696965447, 3.68564785050923, 6.909817791430124, 5940.924745193462, 5.462838735256514, 5.826596818938448, 3.503249231478487, 2.9179438617218034, 4.1187555268912055, 9.849724142062215, 2.470438076521933, 6549.124912825955, 3.6526928662135902, 3.958521991966736, 4.477452462209284, 2.1254729790545603, 6730.928504426447, 2.013957160718686, 3.566532993295822, 2.515545405630735, 3.8026279652403248, 5867.470419203628, 4.8847498749570955, 4.592736640394074, 2.0735499113655864, 4.995674769205433, 2.4261526821267507, 6101.862945847138, 2.4564381068841263, 4958.608383141275, 3.544120357062363, 6442.453523619001, 2.360670734452399, 5.240952275937015, 4674.405808655944, 3.0066065123979695, 6285.873209050849, 3.5090737701223986], "eval_mse": 53.68078952392864}