{"theta": [[0.8399803722368238, 0.011187169918671929, -0.0798170511858887]], "curve": [18.844819652097467, 5.559279677973747, 8.059370284876556, 5995.010451718665, 6.257078638633693, 4817.130962508638, 7.579126940610009, 6097.772707973304, 5.998643727198541, 6684.131196286055, 5.707271225697394, 16.666570716659457, 5.683095437768551, 6.181991116846895, 5447.4735450752305, 12.414110345331485, 6.688899698774033, 9.395398632766094, 6045.233673568955, 5.33486719608771, 5714.456761920464, 8.90278847292788, 5.536367649795402, 5.565236419031113, 6410.115672876795, 5.233700786452465, 12.393386809131698, 5.578633753200586, 7.189284963288895, 5948.123659212202, 5.813679359022775, 6277.429254347601, 5.837934780433605, 6403.080879909404, 7.261002936598766, 5795.495804650731, 10.451689027770444, 6.198460620545434, 12.71997327306587, 5.756989621721022, 10.168690514647244, 5.890693601766038, 14.682489794611337, 5.4360462004386365, 8.86097186828343, 5784.1187261459145, 6.2294305164362855, 6135.453598147025, 6.166633046364341, 6139.768704700557, 5.345662493125645, 6375.318847446332, 6.053016144204432, 6085.350547199664, 16.9415371163362, 5.611798360802336, 23.61223365625629, 5.469172171780617, 8.695214025579949, 6402.219019645862, 5.822142085901897, 5.991769841394865, 6868.005617136134, 55.684192405424035, 6.1578019845283425, 7179.553173826795, 5.4639438351533665, 9.88977772413868, 10.703698529332605, 5.926506097918277, 6556.627016276342, 5.961240489801924, 5969.55747193906, 8.22197612630985, 5.603588007197861, 11.290445023379656, 6.0079426251039045, 12.065488159167009, 6.829669801177527, 7.405525530822571, 5614.178403334249, 5.612977985399962, 6143.968892826886, 5.988744025817253, 12.732385285086767, 6.040233768155658, 6051.919316284098, 7.061409289425527, 6063.212784626148, 6.2285765560192, 11.3997647689488, 5.534235358547401, 6374.446955665464, 5.6003066531728845, 6506.176769799673, 5.6311486058293285, 5.887982886847559, 5164.577349728987, 14.40676083662802, 6.508083904845312, 7.588021796762261, 6014.7048596510895, 5.8979413080468275, 6014.057643440963, 6.160096234274385, 5903.376120594057, 7.533919439544671, 5891.046487419583, 7.2074222280306, 5454.957511244309, 6.869975400699344, 6.652811953314179, 6.079393936426476, 6417.038112881588, 5.690551073657827, 5.885424710790695, 9.176764487272344, 5744.761814670095, 6.276346946353172, 7241.402492233246, 5349.608357544599, 5.799455874438442, 6674.801175079233, 5.804347340880415, 5656.873163731507, 9.08480889141329, 12.68424307541888, 5.8033287571795915, 6302.1376789339965, 6.93158005149929, 5951.774955980934, 12.200106244450248, 5.56094929724642, 6.346515207559915, 8.274788544749079, 6.963462765458516, 6365.335876024005, 5.928303365947562, 6.713993551389133, 4475.291919514334, 7.092561947092756, 14.21739449870429, 5.722138573407611, 6879.1244201515865, 5.559171055608516, 6838.334830262692, 5586.627425671716, 5.49078951869426, 9.019546694761377, 10.146825725997168, 5.930136279035503, 6447.55322348163, 5.4945579573476, 22.78020394369202, 7.111774019572825, 5.674876892709028, 5748.350680238193, 6.647282066276561, 8.162792257695841, 7.5324880847511295, 14.380876583127215, 5.631192178472062, 7.841794681420556, 6.065485232542152, 6443.074691738296, 6.123468843783873, 5.907952067934211, 7.297317178440831, 5.504651711105751, 6839.054720990592, 5.919209642621587, 9.055146945581464, 7.181448286219877, 6.080507478073475, 6823.443784802174, 5.6844021420278406, 12.928819273131788, 7.074080298534894, 7.065430752113373, 6413.235056808086, 5.840687943764139, 6771.254154739787, 5.67420725666487, 6364.136564396903, 5.539881689047631, 24.066594141184314, 5.674018009501357, 6.825938289136937, 5820.419962134435, 5.593399602452715, 6747.4950266999485, 7.290163791436825, 9.217236802492783, 7.285869767135108, 6.094829689897346, 6391.601157633053, 5.693951318307996, 6.466311841384564, 6275.063372494109, 7.523681691913781, 6026.224149872754, 6.9067979455025865, 6117.008497302708, 5.905003247329622, 6250.6063030147325, 6.873845214985149, 5687.168745857766, 8.325696023840617, 9.791796985341316, 6.163068465712029, 5977.142420455799, 7.138384553342465, 6278.063720580774, 5.870493223314062, 7.508064218324256, 6.596195906242048, 8.965710905191086, 10.236464677735965, 6.047556967212814, 6068.50537779238, 7.165875045269037, 9.171007770101621, 6.890732551962976, 4338.195424786479, 8.320638227043428, 6504.021504358084, 6.018753535284214, 23.858312596102095, 6.218039597749197, 24.393713577025046, 5.769702388692924, 6.014830730208162, 7090.955957894928, 6543.979536600818, 6.2342503183368345, 5133.865845002114, 9.899208431711916, 14.840670067682339, 5.742843554205115, 5820.221758013863, 7.783850692316528, 34.01085862177541, 5.9180150577244435, 5.865598243453225, 6433.348188544882, 5.570674946828245, 6255.395468134732, 10.28344621680894, 8.553755814194155, 5.811141986502433, 5847.529375498873, 8.580370369397752, 6303.835743356525, 6.148723858015037, 5619.8808750445105, 8.094031783708777, 11.521978609172736, 5.946929447583649, 5895.486220206391, 5.632415070266019, 6592.887837950425, 6.4903134665398605, 5.765311928484634, 6427.153625860307, 5.823623114292594, 5.928159379664911, 31.079156433525547, 6.308209242541606, 6.198503541418731, 10.326177317259498, 5.651377060864416, 6.521914509578043, 924.4312147948956, 5.845704719429904, 5298.7978258053045, 6.199105349479162, 5570.995042073329, 7.517278267755352, 6257.24528520016, 5.588104559815502, 15.793458964157558, 5.661736589290214, 7.452961121929556, 6629.5672671764, 5.5196325269512805, 5.938197935976213, 7.775617368782841, 21.446874381548824, 5.429821003672061, 6.166496636291161, 6456.46857449827, 5.5394497981591435, 6.486771192997416, 5556.133034691196, 6.715909912035518, 5761.586716049577, 5.7894202955513405, 6622.713321156266, 5.598429825599411, 18.71149388887486], "eval_mse": 6087.662543367649}