{"theta": [[0.8141174244097318, -0.31785470256743187, 1.5291534403769107]], "curve": [32.174317878155556, 5.518985317714901, 16.03037733411049, 10.398693731218916, 5.420753494503279, 6613.483605626986, 6.096135838395126, 8.778912994956556, 6451.9571033399925, 5.672236599144645, 6.760369963726656, 5932.319733474777, 5.85835683191022, 7.360858745279405, 5481.98254912098, 6.873732710642157, 6094.170922840969, 6.317995213208654, 7.46232209632893, 5.98040299074383, 6503.558865544659, 5.605529800243608, 6.669878174131567, 6407.831484326177, 6.178312449338959, 5838.417648536503, 5.628218706495649, 5876.354611493437, 5.918537512325207, 6209.333998890089, 5.573467544294725, 5729.778941899516, 6.415380454405861, 6113.872364466178, 6.74083380454316, 6388.793761661549, 6.149988494893706, 6116.86488222414, 11.377967234092726, 5.738183952997568, 12.278375548884433, 4150.265594242749, 6.240057099672729, 5774.166269690086, 16.23207497484695, 5.766933701156168, 17.380676369778012, 6.680860184573901, 6.997714719300172, 5598.232750582849, 5.907100768146617, 6848.404409107046, 5.885950588086798, 11.925828227625885, 5927.065768360402, 7.480598160291769, 11.087832961446553, 5.975536642932038, 5881.542318240019, 5.559327322255292, 6.402298275401231, 6.487683831111516, 5801.286551418888, 10.289316533160985, 5.942645323772278, 18.95539324614249, 5.457636320202227, 7.867836513628474, 10.577569895977652, 6.044333890394581, 6209.201199487662, 8.876195896715215, 13.925476843020668, 5.4269105292582625, 6703.910837888764, 5.521106537160752, 5.7221652051874345, 6306.45198983253, 5.751498698314676, 26.113623633863963, 5.927571701652814, 6448.074440426733, 5.7367164757649585, 6355.156281616979, 6.4549524642679, 6192.256754900255, 5.954294726147251, 6854.7010628340695, 5.8622651704671815, 19.80412660845723, 5.541211839415143, 5.47366881642214, 6833.790486381797, 5.599655723814175, 7.029740558349033, 5698.566345988036, 5.941532112345542, 5842.572855822963, 7.05781213185076, 6021.908654594733, 5.760818735129957, 6762.715576426218, 6.075522074835979, 10.64149215715563, 21.57271579863207, 5.566822054502328, 6737.978812545798, 5.381392645613216, 6190.536761735049, 5.631795644883228, 5813.899516641147, 5.632489246430988, 6168.713575323148, 5.351874661147311, 7.78706373118279, 8.392323407307183, 6.522859372002485, 6.178485507002974, 8.797697940871725, 5.339106366877869, 8.529844378552877, 57.48043171813339, 5.445302274933974, 6.9604634804491905, 6109.677510704111, 5.406232007146934, 7.172154958634244, 5138.7409382283595, 5.595122932529344, 6074.557666053232, 6.026289454598901, 5942.003324147689, 5.4280954791516365, 6366.248699195193, 5.580911700016492, 23.892403046443224, 5.6663998403650115, 9.865273500466648, 6.349167622844216, 6338.82455487488, 5.307209038190461, 5029.228913115697, 18.83511422381665, 5.456858613527014, 5.6784207370399535, 5637.934575578717, 6.902391000083124, 5682.961300129467, 5.864593924085597, 6710.461223868249, 5.556556508844094, 6.692517576228237, 6151.584703488165, 5.403785487705867, 6917.384543074702, 5.497247311725801, 6689.091477996927, 5.691711845652088, 11.232042654899384, 7.3468422200705525, 12.726209293744823, 5.1420982604826335, 15.288698564492014, 6.486203466108382, 8.79197286962155, 6096.6119815753145, 5.580153596451335, 13.158418914802835, 5.1859483770213295, 27.82057239594627, 5.481857905235638, 7.563227863507133, 19.647502896910932, 5.4743321756225205, 5.3247988339924985, 8.683844177320395, 6046.312347703889, 5.782194926576465, 6011.500138362315, 6.913262827105127, 6083.383482445724, 6.354558611304085, 5.969185446361633, 5.575150737055062, 6009.63358382814, 7.8044763597027105, 6.933019354209131, 5.5253250084533585, 6435.467212969572, 5.545816805832079, 6663.545793068986, 5.714582673552263, 4200.468852720075, 6.69750751639314, 6471.687720215722, 5.089266667548651, 13.141947976978567, 5.768747467102029, 8.978687454761513, 10.627415744270595, 6.32505560896384, 6435.512223678081, 5.160789805907908, 9.106271237464023, 6.306313176418931, 9.535402726461351, 5.361082494943412, 10.293270688295037, 5.344510785605737, 9.863305994159786, 4.972914187188165, 5.894725182605474, 5664.611514582716, 8.74052099518609, 6.148082945718513, 4.593393099014085, 6374.539086362919, 4.116861663827679, 5.6869491435939725, 23.071787417420126, 4.5471078657192905, 15.774372927022887, 5.951280377477278, 9.86942615610945, 5.777280071537264, 12.103929083047474, 4.9284557421758, 7.329260467761321, 5.287611435300012, 5.685289625395267, 5651.095402578613, 5.627631180684147, 21.490073283315144, 4.87165843111115, 4.392738062617552, 5.575035124811516, 6150.179479714181, 4.543358319675919, 4.919212670634395, 6168.725922298896, 6.281374963928251, 6588.3533706545995, 5.399335537095878, 5.109236603844928, 5914.720826634917, 18.92181066218249, 4.843062023256357, 10.777330931121163, 5865.933764635931, 5.587520623720208, 5948.310558961026, 5.018710366828712, 7.476867247945586, 5881.878845849858, 5.527945723136536, 6085.210979565195, 5.325048520108984, 6010.318102394259, 5.254838145786888, 6314.01851007295, 4.751671408479027, 5.480636012173163, 6734.370215887455, 4.967953951084631, 8.84419705514657, 6.943490745069658, 4.670400026706301, 6105.879246932806, 5.008763297795289, 4.675618156578804, 5.148772656147007, 5886.6673110604315, 4.4902242287222105, 6538.281301521186, 5.694267637597829, 5.711302314422211, 5.321041412176608, 6663.257355244832, 5807.281273999872, 3.7902300183664406, 5930.925819428312, 5.061409531164414, 4396.378360607694, 4.405532119242511, 3.4875175230817095, 9.30537013418982, 4.033531987249524, 5.527312602964128, 5984.245868542086, 3.6632940276682473, 26.211384020087866, 4.59171584167974, 6224.063844919513, 3.4647440469196544, 5.021024505969393, 50.41324705422225, 4.908442794595085, 6.534928986199146, 6280.846523204066, 4.790688220598286], "eval_mse": 6615.808340729504}